trade_id,entry_time,timestamp_utc,symbol,pnl_usd,close_reason,entry_score,total_score,component_flow,component_dark_pool,component_insider,component_iv_skew,component_smile,component_whale,component_event,component_motif_bonus,component_toxicity_penalty,component_regime,component_congress,component_shorts_squeeze,component_institutional,component_market_tide,component_calendar,component_greeks_gamma,component_ftd_pressure,component_iv_rank,component_oi_change,component_etf_flow,component_squeeze_score,component_freshness_factor
close_XLI_2026-04-06T17:01:28.936104+00:00,2026-04-06T16:28:50.420090+00:00,2026-04-06T17:01:28.936139+00:00,XLI,0.16,signal_decay(0.91)+flow_reversal,3.5387999999999997,3.5387999999999997,1.543,0.156,0.075,0.024,0.004,0.0,0.048,0.0,-0.04,0.007,0.0,0.0,0.0,-0.009,0.0,0.12,0.036,0.018,0.042,0.036,0.06,0.999
close_XLP_2026-04-06T17:01:26.393785+00:00,2026-04-06T16:28:25.167899+00:00,2026-04-06T17:01:26.393821+00:00,XLP,-0.01,signal_decay(0.91)+flow_reversal,3.5399999999999996,3.5399999999999996,1.543,0.156,0.075,0.024,0.004,0.0,0.048,0.0,-0.04,0.007,0.0,0.0,0.0,-0.009,0.0,0.12,0.036,0.018,0.042,0.036,0.06,1.0
close_SPY_2026-04-06T17:01:25.095900+00:00,2026-04-06T16:29:32.239861+00:00,2026-04-06T17:01:25.095938+00:00,SPY,-0.14,signal_decay(0.73),4.319999999999999,4.319999999999999,,,,,,,,,,,,,,,,,,,,,,
close_QQQ_2026-04-06T17:01:11.713335+00:00,2026-04-06T16:29:32.239238+00:00,2026-04-06T17:01:11.713360+00:00,QQQ,-0.25,signal_decay(0.73),4.404,4.404,,,,,,,,,,,,,,,,,,,,,,
close_XLF_2026-04-06T17:00:51.180337+00:00,2026-04-06T16:26:56.997318+00:00,2026-04-06T17:00:51.180372+00:00,XLF,-0.06,signal_decay(0.73)+flow_reversal,4.4075999999999995,4.4075999999999995,2.045,0.156,0.075,0.059,0.004,0.0,0.204,0.0,-0.078,0.007,0.0,0.0,0.0,-0.009,0.0,0.12,0.036,0.018,0.042,0.036,0.06,0.999
close_XLV_2026-04-06T17:00:47.998768+00:00,2026-04-06T16:26:39.191268+00:00,2026-04-06T17:00:47.998811+00:00,XLV,-0.06,signal_decay(0.73)+flow_reversal,4.408799999999999,4.408799999999999,2.045,0.156,0.075,0.059,0.004,0.0,0.204,0.0,-0.078,0.007,0.0,0.0,0.0,-0.009,0.0,0.12,0.036,0.018,0.042,0.036,0.06,0.999
close_NFLX_2026-04-06T17:00:47.448385+00:00,2026-04-06T16:28:17.111208+00:00,2026-04-06T17:00:47.448413+00:00,NFLX,1.44,signal_decay(0.75),4.2623999999999995,4.2623999999999995,1.93,0.156,0.075,0.051,0.004,0.0,0.204,0.0,-0.051,0.007,0.0,0.0,0.0,-0.009,0.0,0.024,0.036,0.018,0.042,0.036,0.06,0.998
close_MSFT_2026-04-06T17:00:44.010436+00:00,2026-04-06T16:29:32.159586+00:00,2026-04-06T17:00:44.010463+00:00,MSFT,0.17,signal_decay(0.70),5.154,5.154,,,,,,,,,,,,,,,,,,,,,,
close_XLE_2026-04-06T17:00:34.350305+00:00,2026-04-06T16:26:16.575859+00:00,2026-04-06T17:00:34.350345+00:00,XLE,1.4,signal_decay(0.73)+flow_reversal,4.4388,4.4388,2.045,0.156,0.075,0.059,0.004,0.0,0.204,0.0,-0.078,0.007,0.0,0.0,0.0,-0.009,0.0,0.12,0.036,0.018,0.042,0.036,0.06,0.999
close_XLK_2026-04-06T17:00:20.744198+00:00,2026-04-06T16:25:55.744555+00:00,2026-04-06T17:00:20.744233+00:00,XLK,-0.08,signal_decay(0.74)+flow_reversal,4.752,4.752,2.045,0.156,0.075,0.059,0.004,0.0,0.204,0.0,-0.078,0.007,0.0,0.0,0.0,-0.009,0.0,0.06,0.036,0.018,0.042,0.036,0.06,0.999
close_TSLA_2026-04-06T17:00:17.323960+00:00,2026-04-06T16:25:43.556163+00:00,2026-04-06T17:00:17.324000+00:00,TSLA,-2.08,signal_decay(0.76)+flow_reversal,4.942799999999999,4.942799999999999,1.93,0.156,0.075,0.051,0.004,0.0,0.204,0.0,-0.051,0.007,0.0,0.0,0.0,-0.009,0.0,0.048,0.036,0.12,0.042,0.036,0.06,0.998
close_NVDA_2026-04-06T17:00:13.696300+00:00,2026-04-06T16:25:32.898379+00:00,2026-04-06T17:00:13.696339+00:00,NVDA,-0.21,signal_decay(0.79)+flow_reversal,4.95,4.95,1.864,0.156,0.075,0.047,0.004,0.0,0.144,0.0,-0.035,0.007,0.0,0.0,0.0,-0.009,0.0,0.048,0.036,0.12,0.042,0.036,0.06,0.998
close_JPM_2026-04-06T17:00:13.577374+00:00,2026-04-06T16:29:19.006983+00:00,2026-04-06T17:00:13.577410+00:00,JPM,-0.23,signal_decay(0.80),3.3743999999999996,3.3743999999999996,1.329,0.156,0.075,0.009,0.004,0.0,0.048,0.0,-0.024,0.007,0.0,0.0,0.0,-0.009,0.0,0.06,0.036,0.018,0.042,0.036,0.06,1.0
close_IWM_2026-04-06T16:59:59.760932+00:00,2026-04-06T16:27:32.596300+00:00,2026-04-06T16:59:59.760966+00:00,IWM,0.01,signal_decay(0.73),4.384799999999999,4.384799999999999,2.045,0.156,0.075,0.059,0.004,0.0,0.204,0.0,-0.078,0.007,0.0,0.0,0.0,-0.009,0.0,0.048,0.036,0.018,0.042,0.036,0.06,0.999
close_INTC_2026-04-06T16:59:57.217887+00:00,2026-04-06T16:25:14.796962+00:00,2026-04-06T16:59:57.217915+00:00,INTC,-0.24,signal_decay(0.74),5.028,5.028,2.045,0.156,0.075,0.059,0.004,0.0,0.204,0.0,-0.078,0.007,0.0,0.0,0.0,-0.009,0.0,0.12,0.036,0.018,0.042,0.036,0.06,0.998
close_GOOGL_2026-04-06T16:59:54.168480+00:00,2026-04-06T16:26:01.613212+00:00,2026-04-06T16:59:54.168507+00:00,GOOGL,0.46,signal_decay(0.71),4.5336,4.5336,2.185,0.156,0.075,0.069,0.004,0.0,0.204,0.0,-0.111,0.007,0.011,0.0,0.0,-0.009,0.0,0.048,0.036,0.018,0.042,0.036,0.06,0.997
close_DIA_2026-04-06T16:59:51.338254+00:00,2026-04-06T16:27:50.836916+00:00,2026-04-06T16:59:51.338283+00:00,DIA,0.25,signal_decay(0.73),4.3355999999999995,4.3355999999999995,2.045,0.156,0.075,0.059,0.004,0.0,0.204,0.0,-0.078,0.007,0.0,0.0,0.0,-0.009,0.0,0.06,0.036,0.018,0.042,0.036,0.06,0.999
close_JNJ_2026-04-06T16:59:49.247928+00:00,2026-04-06T16:24:17.968466+00:00,2026-04-06T16:59:49.247967+00:00,JNJ,-0.24,signal_decay(0.68)+flow_reversal,4.8,4.8,2.4,0.156,0.075,0.07,0.004,0.0,0.204,0.0,-0.162,0.007,0.0,0.0,0.0,-0.009,0.0,0.12,0.036,0.018,0.042,0.036,0.06,0.998
close_AMZN_2026-04-06T16:59:48.363167+00:00,2026-04-06T16:26:30.134383+00:00,2026-04-06T16:59:48.363203+00:00,AMZN,-0.52,signal_decay(0.78),4.4124,4.4124,2.185,0.156,0.075,0.069,0.004,0.0,0.204,0.0,-0.111,0.007,0.022,0.0,0.0,-0.009,0.0,0.048,0.036,0.018,0.042,0.036,0.06,0.997
close_PFE_2026-04-06T16:59:46.490061+00:00,2026-04-06T16:24:13.046856+00:00,2026-04-06T16:59:46.490102+00:00,PFE,-0.42,signal_decay(0.69)+flow_reversal,5.024399999999999,5.024399999999999,2.4,0.156,0.075,0.07,0.004,0.0,0.204,0.0,-0.162,0.007,0.0,0.0,0.0,-0.009,0.0,0.12,0.036,0.06,0.042,0.036,0.06,0.998
close_AMD_2026-04-06T16:59:46.018804+00:00,2026-04-06T16:25:09.016285+00:00,2026-04-06T16:59:46.018883+00:00,AMD,-0.89,signal_decay(0.77),5.1108,5.1108,1.93,0.156,0.075,0.051,0.004,0.0,0.204,0.0,-0.051,0.007,0.011,0.0,0.0,-0.009,0.0,0.12,0.036,0.018,0.042,0.036,0.06,0.998
close_SLB_2026-04-06T16:59:43.946933+00:00,2026-04-06T16:24:04.771303+00:00,2026-04-06T16:59:43.946969+00:00,SLB,0.17,signal_decay(0.69)+flow_reversal,5.088,5.088,2.4,0.156,0.075,0.07,0.004,0.0,0.204,0.0,-0.162,0.007,0.0,0.0,0.0,-0.009,0.0,0.12,0.036,0.018,0.042,0.036,0.06,0.998
close_MRNA_2026-04-06T16:59:40.637423+00:00,2026-04-06T16:23:59.636133+00:00,2026-04-06T16:59:40.637761+00:00,MRNA,-0.88,signal_decay(0.69)+flow_reversal,5.3664,5.3664,2.4,0.156,0.075,0.07,0.004,0.0,0.204,0.0,-0.162,0.007,0.0,0.0,0.0,-0.009,0.0,0.12,0.036,0.018,0.042,0.036,0.06,0.998
close_UNH_2026-04-06T16:20:35.667485+00:00,2026-04-06T15:47:31.405889+00:00,2026-04-06T16:20:35.667512+00:00,UNH,0.53,signal_decay(0.68),5.2116,5.2116,,,,,,,,,,,,,,,,,,,,,,
close_TSLA_2026-04-06T16:20:32.683207+00:00,2026-04-06T15:47:31.322107+00:00,2026-04-06T16:20:32.683235+00:00,TSLA,-1.31,signal_decay(0.69),5.4648,5.4648,,,,,,,,,,,,,,,,,,,,,,
close_SOFI_2026-04-06T16:20:30.132800+00:00,2026-04-06T15:47:31.321440+00:00,2026-04-06T16:20:30.132828+00:00,SOFI,1.28,signal_decay(0.70),5.6304,5.6304,,,,,,,,,,,,,,,,,,,,,,
close_SLB_2026-04-06T16:20:26.505108+00:00,2026-04-06T15:47:31.320867+00:00,2026-04-06T16:20:26.505146+00:00,SLB,1.21,signal_decay(0.68),5.0964,5.0964,,,,,,,,,,,,,,,,,,,,,,
close_RIVN_2026-04-06T16:20:23.740783+00:00,2026-04-06T15:47:31.320280+00:00,2026-04-06T16:20:23.740812+00:00,RIVN,3.04,signal_decay(0.70),5.6316,5.6316,,,,,,,,,,,,,,,,,,,,,,
close_PLTR_2026-04-06T16:20:20.975154+00:00,2026-04-06T15:47:31.319580+00:00,2026-04-06T16:20:20.975186+00:00,PLTR,-0.11,signal_decay(0.70),5.6616,5.6616,,,,,,,,,,,,,,,,,,,,,,
close_PFE_2026-04-06T16:20:18.181357+00:00,2026-04-06T15:47:31.242943+00:00,2026-04-06T16:20:18.181400+00:00,PFE,0.3,signal_decay(0.68),5.034,5.034,,,,,,,,,,,,,,,,,,,,,,
close_NVDA_2026-04-06T16:20:11.546536+00:00,2026-04-06T15:47:31.242264+00:00,2026-04-06T16:20:11.546564+00:00,NVDA,0.62,signal_decay(0.70),5.621999999999999,5.621999999999999,,,,,,,,,,,,,,,,,,,,,,
close_NIO_2026-04-06T16:20:08.562786+00:00,2026-04-06T15:47:31.165084+00:00,2026-04-06T16:20:08.562814+00:00,NIO,-0.78,signal_decay(0.69),5.3496,5.3496,,,,,,,,,,,,,,,,,,,,,,
close_MS_2026-04-06T16:20:05.366124+00:00,2026-04-06T15:47:31.164336+00:00,2026-04-06T16:20:05.366155+00:00,MS,-0.06,signal_decay(0.69),5.2776,5.2776,,,,,,,,,,,,,,,,,,,,,,
close_HOOD_2026-04-06T16:19:09.925095+00:00,2026-04-06T15:47:31.079892+00:00,2026-04-06T16:19:09.925124+00:00,HOOD,2.2,signal_decay(0.70),5.695200000000001,5.695200000000001,,,,,,,,,,,,,,,,,,,,,,
close_GM_2026-04-06T16:19:06.937855+00:00,2026-04-06T15:47:31.078980+00:00,2026-04-06T16:19:06.937884+00:00,GM,1.3,signal_decay(0.69),5.4744,5.4744,,,,,,,,,,,,,,,,,,,,,,
close_F_2026-04-06T16:19:04.171813+00:00,2026-04-06T15:47:30.993187+00:00,2026-04-06T16:19:04.171854+00:00,F,,signal_decay(0.68),4.9188,4.9188,,,,,,,,,,,,,,,,,,,,,,
close_COP_2026-04-06T16:18:50.298634+00:00,2026-04-06T15:47:30.917983+00:00,2026-04-06T16:18:50.298674+00:00,COP,0.37,signal_decay(0.68),4.9764,4.9764,,,,,,,,,,,,,,,,,,,,,,
close_COIN_2026-04-06T16:18:47.405831+00:00,2026-04-06T15:47:30.843123+00:00,2026-04-06T16:18:47.405875+00:00,COIN,1.65,signal_decay(0.70),5.5704,5.5704,,,,,,,,,,,,,,,,,,,,,,
close_XLF_2026-04-06T16:18:33.329584+00:00,2026-04-06T15:46:19.269902+00:00,2026-04-06T16:18:33.329618+00:00,XLF,0.33,signal_decay(0.68)+flow_reversal,4.7951999999999995,4.7951999999999995,2.4,0.159,0.076,0.071,0.004,0.0,0.207,0.0,-0.165,0.007,0.0,0.0,0.0,-0.009,0.0,0.122,0.037,0.018,0.043,0.037,0.061,0.993
close_XLV_2026-04-06T16:18:24.764861+00:00,2026-04-06T15:46:00.781851+00:00,2026-04-06T16:18:24.764897+00:00,XLV,0.19,signal_decay(0.68)+flow_reversal,4.796399999999999,4.796399999999999,2.4,0.159,0.076,0.071,0.004,0.0,0.207,0.0,-0.165,0.007,0.0,0.0,0.0,-0.009,0.0,0.122,0.037,0.018,0.043,0.037,0.061,0.993
close_XLI_2026-04-06T16:18:21.787904+00:00,2026-04-06T15:45:43.489335+00:00,2026-04-06T16:18:21.787955+00:00,XLI,0.57,signal_decay(0.68)+flow_reversal,4.797599999999999,4.797599999999999,2.4,0.159,0.076,0.071,0.004,0.0,0.207,0.0,-0.165,0.007,0.0,0.0,0.0,-0.009,0.0,0.122,0.037,0.018,0.043,0.037,0.061,0.993
close_XLP_2026-04-06T16:18:19.239982+00:00,2026-04-06T15:45:24.608983+00:00,2026-04-06T16:18:19.240023+00:00,XLP,0.12,signal_decay(0.68)+flow_reversal,4.797599999999999,4.797599999999999,2.4,0.159,0.076,0.071,0.004,0.0,0.207,0.0,-0.165,0.007,0.0,0.0,0.0,-0.009,0.0,0.122,0.037,0.018,0.043,0.037,0.061,0.993
close_C_2026-04-06T16:18:17.470474+00:00,2026-04-06T15:47:30.754861+00:00,2026-04-06T16:18:17.470500+00:00,C,0.28,signal_decay(0.70),5.5164,5.5164,,,,,,,,,,,,,,,,,,,,,,
close_JNJ_2026-04-06T16:18:16.703421+00:00,2026-04-06T15:45:11.312785+00:00,2026-04-06T16:18:16.703470+00:00,JNJ,0.29,signal_decay(0.67)+flow_reversal,4.8096,4.8096,2.4,0.159,0.076,0.071,0.004,0.0,0.207,0.0,-0.165,0.007,0.0,0.0,0.0,-0.009,0.0,0.122,0.037,0.018,0.043,0.037,0.061,0.997
close_XLE_2026-04-06T16:18:13.735954+00:00,2026-04-06T15:44:54.109306+00:00,2026-04-06T16:18:13.735991+00:00,XLE,1.44,signal_decay(0.68)+flow_reversal,4.8275999999999994,4.8275999999999994,2.4,0.159,0.076,0.071,0.004,0.0,0.207,0.0,-0.165,0.007,0.0,0.0,0.0,-0.009,0.0,0.122,0.037,0.018,0.043,0.037,0.061,0.993
close_CVX_2026-04-06T16:18:10.113668+00:00,2026-04-06T15:44:46.449260+00:00,2026-04-06T16:18:10.113701+00:00,CVX,1.56,signal_decay(0.68)+flow_reversal,4.846799999999999,4.846799999999999,2.4,0.159,0.076,0.071,0.004,0.0,0.207,0.0,-0.165,0.007,0.033,0.0,0.0,-0.009,0.0,0.122,0.037,0.018,0.043,0.037,0.061,0.996
close_XOM_2026-04-06T16:18:07.350926+00:00,2026-04-06T15:44:21.406202+00:00,2026-04-06T16:18:07.350961+00:00,XOM,1.98,signal_decay(0.68)+flow_reversal,4.8828,4.8828,2.4,0.159,0.076,0.071,0.004,0.0,0.207,0.0,-0.165,0.007,0.0,0.0,0.0,-0.009,0.0,0.122,0.037,0.018,0.043,0.037,0.061,0.996
close_AMD_2026-04-06T16:18:04.507841+00:00,2026-04-06T15:47:30.751821+00:00,2026-04-06T16:18:04.507869+00:00,AMD,0.06,signal_decay(0.70),5.6316,5.6316,,,,,,,,,,,,,,,,,,,,,,
close_JPM_2026-04-06T16:18:04.358825+00:00,2026-04-06T15:44:03.019345+00:00,2026-04-06T16:18:04.358877+00:00,JPM,0.62,signal_decay(0.68)+flow_reversal,4.9224000000000006,4.9224000000000006,2.4,0.159,0.076,0.071,0.004,0.0,0.207,0.0,-0.165,0.007,0.0,0.0,0.0,-0.009,0.0,0.061,0.037,0.018,0.043,0.037,0.061,0.994
close_BAC_2026-04-06T16:18:01.781350+00:00,2026-04-06T15:43:44.426743+00:00,2026-04-06T16:18:01.781396+00:00,BAC,0.32,signal_decay(0.68)+flow_reversal,4.9296,4.9296,2.4,0.159,0.076,0.071,0.004,0.0,0.207,0.0,-0.165,0.007,0.0,0.0,0.0,-0.009,0.0,0.122,0.037,0.018,0.043,0.037,0.061,0.994
close_WMT_2026-04-06T16:17:58.787862+00:00,2026-04-06T15:43:19.033976+00:00,2026-04-06T16:17:58.787899+00:00,WMT,-0.28,signal_decay(0.67)+flow_reversal,4.9296,4.9296,2.4,0.159,0.076,0.071,0.004,0.0,0.207,0.0,-0.165,0.007,0.0,0.0,0.0,-0.009,0.0,0.122,0.037,0.018,0.043,0.037,0.061,0.997
close_AAPL_2026-04-06T16:17:55.576846+00:00,2026-04-06T15:43:09.087539+00:00,2026-04-06T16:17:55.576883+00:00,AAPL,-0.43,signal_decay(0.67)+flow_reversal,4.938,4.938,2.4,0.159,0.076,0.071,0.004,0.0,0.207,0.0,-0.165,0.007,0.033,0.0,0.0,-0.009,0.0,0.049,0.037,0.061,0.043,0.037,0.061,1.0
close_WFC_2026-04-06T16:17:52.598466+00:00,2026-04-06T15:42:52.495652+00:00,2026-04-06T16:17:52.598501+00:00,WFC,0.42,signal_decay(0.68)+flow_reversal,5.055599999999999,5.055599999999999,2.4,0.159,0.076,0.071,0.004,0.0,0.207,0.0,-0.165,0.007,0.011,0.0,0.0,-0.009,0.0,0.122,0.037,0.018,0.043,0.037,0.061,0.994
close_XLK_2026-04-06T16:17:46.518306+00:00,2026-04-06T15:42:01.194662+00:00,2026-04-06T16:17:46.518344+00:00,XLK,0.08,signal_decay(0.69)+flow_reversal,5.139599999999999,5.139599999999999,2.4,0.159,0.076,0.071,0.004,0.0,0.207,0.0,-0.165,0.007,0.0,0.0,0.0,-0.009,0.0,0.061,0.037,0.018,0.043,0.037,0.061,0.993
close_LCID_2026-04-06T16:17:43.720309+00:00,2026-04-06T15:41:17.091390+00:00,2026-04-06T16:17:43.720358+00:00,LCID,-4.34,signal_decay(0.70)+flow_reversal,5.6328,5.6328,2.4,0.159,0.076,0.071,0.004,0.0,0.207,0.0,-0.165,0.007,0.0,0.0,0.0,-0.009,0.0,0.122,0.037,0.018,0.043,0.037,0.061,0.995
close_MRNA_2026-04-06T15:41:59.248330+00:00,2026-04-06T15:06:06.037118+00:00,2026-04-06T15:41:59.248358+00:00,MRNA,1.54,signal_decay(0.53),4.0680000000000005,4.0680000000000005,,,,,,,,,,,,,,,,,,,,,,
close_MSFT_2026-04-06T15:41:35.238730+00:00,2026-04-06T15:06:06.035158+00:00,2026-04-06T15:41:35.238757+00:00,MSFT,0.61,signal_decay(0.89),4.0932,4.0932,,,,,,,,,,,,,,,,,,,,,,
close_INTC_2026-04-06T15:41:32.493879+00:00,2026-04-06T15:06:06.034482+00:00,2026-04-06T15:41:32.493906+00:00,INTC,1.05,signal_decay(0.90),4.122,4.122,,,,,,,,,,,,,,,,,,,,,,
close_UNH_2026-04-06T15:39:19.661887+00:00,2026-04-06T15:06:06.033761+00:00,2026-04-06T15:39:19.661914+00:00,UNH,0.06,signal_decay(0.51),3.9465,3.9465,,,,,,,,,,,,,,,,,,,,,,
close_TSLA_2026-04-06T15:39:17.062263+00:00,2026-04-06T15:06:06.033057+00:00,2026-04-06T15:39:17.062292+00:00,TSLA,2.8,signal_decay(0.90),4.1598,4.1598,,,,,,,,,,,,,,,,,,,,,,
close_SOFI_2026-04-06T15:39:03.658771+00:00,2026-04-06T15:06:06.029497+00:00,2026-04-06T15:39:03.658814+00:00,SOFI,,signal_decay(0.49),4.2849,4.2849,,,,,,,,,,,,,,,,,,,,,,
close_SLB_2026-04-06T15:39:00.654171+00:00,2026-04-06T15:06:06.036477+00:00,2026-04-06T15:39:00.654199+00:00,SLB,-0.04,signal_decay(0.49),3.8592000000000004,3.8592000000000004,,,,,,,,,,,,,,,,,,,,,,
close_RIVN_2026-04-06T15:38:57.462269+00:00,2026-04-06T15:06:06.031666+00:00,2026-04-06T15:38:57.462304+00:00,RIVN,0.12,signal_decay(0.50),4.285800000000001,4.285800000000001,,,,,,,,,,,,,,,,,,,,,,
close_PFE_2026-04-06T15:38:51.232348+00:00,2026-04-06T15:07:11.275303+00:00,2026-04-06T15:38:51.232381+00:00,PFE,0.12,signal_decay(0.49),3.8114999999999997,3.8114999999999997,,,,,,,,,,,,,,,,,,,,,,
close_XLF_2026-04-06T15:38:49.563289+00:00,2026-04-06T15:04:54.031449+00:00,2026-04-06T15:38:49.563334+00:00,XLF,-0.02,signal_decay(0.87)+flow_reversal,3.6576,3.6576,2.4,0.158,0.076,0.038,0.004,0.0,0.206,0.0,-0.164,0.007,0.0,0.0,0.0,0.119,0.0,0.121,0.036,0.018,0.042,0.036,0.024,0.997
close_NVDA_2026-04-06T15:38:48.829493+00:00,2026-04-06T15:06:06.015499+00:00,2026-04-06T15:38:48.829529+00:00,NVDA,-0.06,signal_decay(0.90),4.2777,4.2777,,,,,,,,,,,,,,,,,,,,,,
close_XLI_2026-04-06T15:38:47.012742+00:00,2026-04-06T15:04:28.365160+00:00,2026-04-06T15:38:47.012783+00:00,XLI,-0.05,signal_decay(0.87)+flow_reversal,3.6593999999999998,3.6593999999999998,2.4,0.158,0.076,0.038,0.004,0.0,0.206,0.0,-0.164,0.007,0.0,0.0,0.0,0.119,0.0,0.121,0.036,0.018,0.042,0.036,0.024,0.998
close_NIO_2026-04-06T15:38:46.282605+00:00,2026-04-06T15:06:06.030931+00:00,2026-04-06T15:38:46.282634+00:00,NIO,0.33,signal_decay(0.53),4.0275,4.0275,,,,,,,,,,,,,,,,,,,,,,
close_XLV_2026-04-06T15:38:44.463518+00:00,2026-04-06T15:04:21.218189+00:00,2026-04-06T15:38:44.463551+00:00,XLV,0.43,signal_decay(0.87)+flow_reversal,3.6593999999999998,3.6593999999999998,2.4,0.158,0.076,0.038,0.004,0.0,0.206,0.0,-0.164,0.007,0.0,0.0,0.0,0.119,0.0,0.121,0.036,0.018,0.042,0.036,0.024,0.998
close_XLP_2026-04-06T15:38:41.701363+00:00,2026-04-06T15:04:04.593021+00:00,2026-04-06T15:38:41.701397+00:00,XLP,0.12,signal_decay(0.87)+flow_reversal,3.6603000000000003,3.6603000000000003,2.4,0.158,0.076,0.038,0.004,0.0,0.206,0.0,-0.164,0.007,0.0,0.0,0.0,0.119,0.0,0.121,0.036,0.018,0.042,0.036,0.024,0.998
close_NFLX_2026-04-06T15:38:40.691574+00:00,2026-04-06T15:05:03.585627+00:00,2026-04-06T15:38:40.691610+00:00,NFLX,0.33,signal_decay(0.87),3.6477,3.6477,2.4,0.158,0.076,0.038,0.004,0.0,0.206,0.0,-0.164,0.007,0.0,0.0,0.0,0.119,0.0,0.024,0.036,0.018,0.042,0.036,0.024,0.996
close_MSFT_2026-04-06T15:38:38.152253+00:00,2026-04-06T15:06:06.035158+00:00,2026-04-06T15:38:38.152280+00:00,MSFT,0.86,signal_decay(0.89),4.0932,4.0932,,,,,,,,,,,,,,,,,,,,,,
close_MS_2026-04-06T15:38:35.607316+00:00,2026-04-06T15:06:06.014675+00:00,2026-04-06T15:38:35.607345+00:00,MS,-0.27,signal_decay(0.53),4.0203,4.0203,,,,,,,,,,,,,,,,,,,,,,
close_MRNA_2026-04-06T15:38:32.834433+00:00,2026-04-06T15:06:06.037118+00:00,2026-04-06T15:38:32.834480+00:00,MRNA,0.1,signal_decay(0.53),4.0680000000000005,4.0680000000000005,,,,,,,,,,,,,,,,,,,,,,
close_MA_2026-04-06T15:38:29.938151+00:00,2026-04-06T15:04:58.369380+00:00,2026-04-06T15:38:29.939479+00:00,MA,-0.55,signal_decay(0.46),3.6576,3.6576,2.4,0.158,0.076,0.038,0.004,0.0,0.206,0.0,-0.164,0.007,0.011,0.0,0.0,0.119,0.0,0.024,0.036,0.018,0.042,0.036,0.024,0.999
close_XLE_2026-04-06T15:38:28.399697+00:00,2026-04-06T15:03:54.633027+00:00,2026-04-06T15:38:28.399742+00:00,XLE,-0.16,signal_decay(0.87)+flow_reversal,3.6828,3.6828,2.4,0.158,0.076,0.038,0.004,0.0,0.206,0.0,-0.164,0.007,0.0,0.0,0.0,0.119,0.0,0.121,0.036,0.018,0.042,0.036,0.024,0.997
close_XOM_2026-04-06T15:38:24.781026+00:00,2026-04-06T15:03:50.312472+00:00,2026-04-06T15:38:24.781094+00:00,XOM,-0.16,signal_decay(0.42)+flow_reversal,3.6989999999999994,3.6989999999999994,2.4,0.158,0.076,0.038,0.004,0.0,0.206,0.0,-0.164,0.007,0.0,0.0,0.0,0.119,0.0,0.121,0.036,0.018,0.042,0.036,0.024,0.991
close_WMT_2026-04-06T15:38:21.960975+00:00,2026-04-06T15:03:25.744249+00:00,2026-04-06T15:38:21.961020+00:00,WMT,0.6,signal_decay(0.87)+flow_reversal,3.7331999999999996,3.7331999999999996,2.4,0.158,0.076,0.038,0.004,0.0,0.206,0.0,-0.164,0.007,0.0,0.0,0.0,0.119,0.0,0.121,0.036,0.018,0.042,0.036,0.024,0.992
close_JNJ_2026-04-06T15:38:16.475193+00:00,2026-04-06T15:05:14.555735+00:00,2026-04-06T15:38:16.475226+00:00,JNJ,0.78,signal_decay(0.46),3.6440999999999995,3.6440999999999995,2.4,0.158,0.076,0.038,0.004,0.0,0.206,0.0,-0.164,0.007,0.0,0.0,0.0,0.119,0.0,0.121,0.036,0.018,0.042,0.036,0.024,0.992
close_INTC_2026-04-06T15:38:13.905082+00:00,2026-04-06T15:06:06.034482+00:00,2026-04-06T15:38:13.905121+00:00,INTC,0.45,signal_decay(0.90),4.122,4.122,,,,,,,,,,,,,,,,,,,,,,
close_HOOD_2026-04-06T15:38:11.572867+00:00,2026-04-06T15:06:06.030212+00:00,2026-04-06T15:38:11.572896+00:00,HOOD,-0.43,signal_decay(0.50),4.3335,4.3335,,,,,,,,,,,,,,,,,,,,,,
close_GM_2026-04-06T15:38:09.241451+00:00,2026-04-06T15:06:06.028744+00:00,2026-04-06T15:38:09.241495+00:00,GM,-1.08,signal_decay(0.55),4.122,4.122,,,,,,,,,,,,,,,,,,,,,,
close_JPM_2026-04-06T15:38:08.551718+00:00,2026-04-06T15:02:58.023115+00:00,2026-04-06T15:38:08.551750+00:00,JPM,-0.13,signal_decay(0.88)+flow_reversal,3.7538999999999993,3.7538999999999993,2.4,0.158,0.076,0.038,0.004,0.0,0.206,0.0,-0.164,0.007,0.0,0.0,0.0,0.119,0.0,0.061,0.036,0.018,0.042,0.036,0.024,0.998
close_CVX_2026-04-06T15:38:06.372488+00:00,2026-04-06T15:03:58.505395+00:00,2026-04-06T15:38:06.372538+00:00,CVX,-0.44,signal_decay(0.55),3.6711,3.6711,2.4,0.158,0.076,0.038,0.004,0.0,0.206,0.0,-0.164,0.007,0.033,0.0,0.0,0.119,0.0,0.121,0.036,0.018,0.042,0.036,0.024,0.991
close_COP_2026-04-06T15:38:03.403677+00:00,2026-04-06T15:06:06.035786+00:00,2026-04-06T15:38:03.403704+00:00,COP,-0.1,signal_decay(0.57),3.7691999999999997,3.7691999999999997,,,,,,,,,,,,,,,,,,,,,,
close_COIN_2026-04-06T15:38:00.858516+00:00,2026-04-06T15:06:06.027913+00:00,2026-04-06T15:38:00.858546+00:00,COIN,0.24,signal_decay(0.49),4.2399000000000004,4.2399000000000004,,,,,,,,,,,,,,,,,,,,,,
close_C_2026-04-06T15:37:58.284664+00:00,2026-04-06T15:06:06.016263+00:00,2026-04-06T15:37:58.284701+00:00,C,0.04,signal_decay(0.55),4.199400000000001,4.199400000000001,,,,,,,,,,,,,,,,,,,,,,
close_BAC_2026-04-06T15:37:55.739281+00:00,2026-04-06T15:02:34.249586+00:00,2026-04-06T15:37:55.739316+00:00,BAC,-0.04,signal_decay(0.88),3.7584000000000004,3.7584000000000004,2.4,0.158,0.076,0.038,0.004,0.0,0.206,0.0,-0.164,0.007,0.0,0.0,0.0,0.119,0.0,0.121,0.036,0.018,0.042,0.036,0.024,0.998
close_WFC_2026-04-06T15:37:55.313171+00:00,2026-04-06T15:02:15.151768+00:00,2026-04-06T15:37:55.313220+00:00,WFC,-0.01,signal_decay(0.50)+flow_reversal,3.8538,3.8538,2.4,0.158,0.076,0.038,0.004,0.0,0.206,0.0,-0.164,0.007,0.011,0.0,0.0,0.119,0.0,0.121,0.036,0.018,0.042,0.036,0.024,0.999
close_AMD_2026-04-06T15:37:52.983006+00:00,2026-04-06T15:06:06.032352+00:00,2026-04-06T15:37:52.983057+00:00,AMD,0.93,signal_decay(0.91),4.2849,4.2849,,,,,,,,,,,,,,,,,,,,,,
close_XLK_2026-04-06T15:37:52.757209+00:00,2026-04-06T15:01:46.536748+00:00,2026-04-06T15:37:52.757260+00:00,XLK,0.33,signal_decay(0.89)+flow_reversal,3.9159,3.9159,2.4,0.158,0.076,0.038,0.004,0.0,0.206,0.0,-0.164,0.007,0.0,0.0,0.0,0.119,0.0,0.061,0.036,0.018,0.042,0.036,0.024,0.997
close_AAPL_2026-04-06T15:37:50.405600+00:00,2026-04-06T15:03:06.532316+00:00,2026-04-06T15:37:50.405668+00:00,AAPL,0.77,signal_decay(0.87),3.7403999999999997,3.7403999999999997,2.4,0.158,0.076,0.038,0.004,0.0,0.206,0.0,-0.164,0.007,0.033,0.0,0.0,0.119,0.0,0.049,0.036,0.061,0.042,0.036,0.024,0.995
close_TGT_2026-04-06T15:37:50.343702+00:00,2026-04-06T15:01:33.759518+00:00,2026-04-06T15:37:50.343736+00:00,TGT,0.61,signal_decay(0.89)+flow_reversal,3.9825,3.9825,2.4,0.158,0.076,0.038,0.004,0.0,0.206,0.0,-0.164,0.007,0.0,0.0,0.0,0.119,0.0,0.121,0.036,0.121,0.042,0.036,0.024,0.993
close_PLTR_2026-04-06T15:37:47.702184+00:00,2026-04-06T13:43:02.963673+00:00,2026-04-06T15:37:47.702222+00:00,PLTR,1.74,signal_decay(0.57),3.6918,3.6918,,,,,,,,,,,,,,,,,,,,,,
close_XOM_2026-04-06T15:00:55.611421+00:00,2026-04-06T14:27:03.128879+00:00,2026-04-06T15:00:55.611470+00:00,XOM,-0.19,signal_decay(0.48),3.6621,3.6621,2.4,0.155,0.074,0.038,0.004,0.0,0.202,0.0,-0.161,0.007,0.0,0.0,0.0,0.117,0.0,0.119,0.036,0.018,0.042,0.036,0.024,0.983
close_XLV_2026-04-06T15:00:51.024145+00:00,2026-04-06T14:28:08.381468+00:00,2026-04-06T15:00:51.024194+00:00,XLV,0.32,signal_decay(0.62),3.6261,3.6261,2.4,0.155,0.074,0.038,0.004,0.0,0.202,0.0,-0.161,0.007,0.0,0.0,0.0,0.117,0.0,0.119,0.036,0.018,0.042,0.036,0.024,0.99
close_XLP_2026-04-06T15:00:48.464018+00:00,2026-04-06T14:28:03.185885+00:00,2026-04-06T15:00:48.464085+00:00,XLP,0.04,signal_decay(0.62),3.6269999999999993,3.6269999999999993,2.4,0.155,0.074,0.038,0.004,0.0,0.202,0.0,-0.161,0.007,0.0,0.0,0.0,0.117,0.0,0.119,0.036,0.018,0.042,0.036,0.024,0.99
close_XLE_2026-04-06T15:00:34.852474+00:00,2026-04-06T14:26:54.858734+00:00,2026-04-06T15:00:34.852507+00:00,XLE,-0.16,signal_decay(0.61),3.6683999999999997,3.6683999999999997,2.4,0.155,0.074,0.038,0.004,0.0,0.202,0.0,-0.161,0.007,0.0,0.0,0.0,0.117,0.0,0.119,0.036,0.018,0.042,0.036,0.024,0.996
close_WMT_2026-04-06T15:00:32.088140+00:00,2026-04-06T14:26:47.952100+00:00,2026-04-06T15:00:32.088192+00:00,WMT,0.1,signal_decay(0.52),3.7206000000000006,3.7206000000000006,2.4,0.155,0.074,0.038,0.004,0.0,0.202,0.0,-0.161,0.007,0.0,0.0,0.0,0.117,0.0,0.119,0.036,0.018,0.042,0.036,0.024,0.992
close_XLK_2026-04-06T14:59:52.184842+00:00,2026-04-06T14:25:23.316254+00:00,2026-04-06T14:59:52.184876+00:00,XLK,0.2,signal_decay(0.64),3.9041999999999994,3.9041999999999994,2.4,0.155,0.074,0.038,0.004,0.0,0.202,0.0,-0.161,0.007,0.0,0.0,0.0,0.117,0.0,0.06,0.036,0.018,0.042,0.036,0.024,0.997
close_UNH_2026-04-06T14:59:49.429094+00:00,2026-04-06T14:25:04.225136+00:00,2026-04-06T14:59:49.429131+00:00,UNH,0.8,signal_decay(0.55)+flow_reversal,3.9339000000000004,3.9339000000000004,2.4,0.155,0.074,0.038,0.004,0.0,0.202,0.0,-0.161,0.007,0.011,0.0,0.0,0.117,0.0,0.024,0.036,0.018,0.042,0.036,0.024,0.992
close_TGT_2026-04-06T14:59:46.224876+00:00,2026-04-06T14:24:45.487826+00:00,2026-04-06T14:59:46.224911+00:00,TGT,0.15,signal_decay(0.46)+flow_reversal,3.9671999999999996,3.9671999999999996,2.4,0.155,0.074,0.038,0.004,0.0,0.202,0.0,-0.161,0.007,0.0,0.0,0.0,0.117,0.0,0.119,0.036,0.119,0.042,0.036,0.024,0.992
close_SLB_2026-04-06T14:59:36.132582+00:00,2026-04-06T14:25:32.616698+00:00,2026-04-06T14:59:36.132615+00:00,SLB,-0.24,signal_decay(0.60),3.8223,3.8223,2.4,0.155,0.074,0.038,0.004,0.0,0.202,0.0,-0.161,0.007,0.0,0.0,0.0,0.117,0.0,0.119,0.036,0.018,0.042,0.036,0.024,0.983
close_PFE_2026-04-06T14:59:22.533631+00:00,2026-04-06T14:25:38.651108+00:00,2026-04-06T14:59:22.533666+00:00,PFE,0.04,signal_decay(0.46),3.798,3.798,2.4,0.155,0.074,0.038,0.004,0.0,0.202,0.0,-0.161,0.007,0.0,0.0,0.0,0.117,0.0,0.119,0.036,0.06,0.042,0.036,0.024,0.991
close_NIO_2026-04-06T14:59:09.134291+00:00,2026-04-06T14:24:25.362572+00:00,2026-04-06T14:59:09.134326+00:00,NIO,0.53,signal_decay(0.92),4.0122,4.0122,2.4,0.155,0.074,0.038,0.004,0.0,0.202,0.0,-0.161,0.007,0.0,0.0,0.0,0.117,0.0,0.119,0.036,0.018,0.042,0.036,0.024,0.982
close_MSFT_2026-04-06T14:59:06.150955+00:00,2026-04-06T14:23:55.488262+00:00,2026-04-06T14:59:06.150988+00:00,MSFT,0.56,signal_decay(0.57),4.0806,4.0806,2.4,0.155,0.074,0.038,0.004,0.0,0.202,0.0,-0.161,0.007,0.054,0.0,0.0,0.117,0.0,0.048,0.036,0.018,0.042,0.036,0.024,0.995
close_NVDA_2026-04-06T14:59:00.693718+00:00,2026-04-06T14:23:21.572736+00:00,2026-04-06T14:59:00.693752+00:00,NVDA,0.29,signal_decay(0.61),4.264200000000001,4.264200000000001,2.4,0.155,0.074,0.038,0.004,0.0,0.202,0.0,-0.161,0.007,0.0,0.0,0.0,0.117,0.0,0.048,0.036,0.119,0.042,0.036,0.024,0.995
close_SOFI_2026-04-06T14:58:57.889553+00:00,2026-04-06T14:23:17.672577+00:00,2026-04-06T14:58:57.889586+00:00,SOFI,0.57,signal_decay(0.82),4.2732,4.2732,2.4,0.155,0.074,0.038,0.004,0.0,0.202,0.0,-0.161,0.007,0.0,0.0,0.0,0.117,0.0,0.119,0.036,0.018,0.042,0.036,0.024,0.999
close_RIVN_2026-04-06T14:58:54.907339+00:00,2026-04-06T14:23:16.167800+00:00,2026-04-06T14:58:54.907392+00:00,RIVN,1.56,signal_decay(0.84),4.2741,4.2741,2.4,0.155,0.074,0.038,0.004,0.0,0.202,0.0,-0.161,0.007,0.0,0.0,0.0,0.117,0.0,0.119,0.036,0.018,0.042,0.036,0.024,0.999
close_MRNA_2026-04-06T14:58:52.535933+00:00,2026-04-06T14:24:07.877234+00:00,2026-04-06T14:58:52.535967+00:00,MRNA,3.2,signal_decay(0.51),4.055400000000001,4.055400000000001,2.4,0.155,0.074,0.038,0.004,0.0,0.202,0.0,-0.161,0.007,0.0,0.0,0.0,0.117,0.0,0.119,0.036,0.018,0.042,0.036,0.024,0.991
close_JPM_2026-04-06T14:58:50.209449+00:00,2026-04-06T14:26:07.860372+00:00,2026-04-06T14:58:50.209482+00:00,JPM,0.27,signal_decay(0.62),3.7403999999999997,3.7403999999999997,2.4,0.155,0.074,0.038,0.004,0.0,0.202,0.0,-0.161,0.007,0.0,0.0,0.0,0.117,0.0,0.06,0.036,0.018,0.042,0.036,0.024,0.997
close_TSLA_2026-04-06T14:58:41.437239+00:00,2026-04-06T13:43:03.259104+00:00,2026-04-06T14:58:41.437270+00:00,TSLA,9.74,signal_decay(0.70),3.5469,3.5469,,,,,,,,,,,,,,,,,,,,,,
close_MS_2026-04-06T14:58:38.673931+00:00,2026-04-06T13:43:02.718074+00:00,2026-04-06T14:58:38.673960+00:00,MS,0.14,signal_decay(0.76),3.4074,3.4074,,,,,,,,,,,,,,,,,,,,,,
close_HOOD_2026-04-06T14:58:36.502030+00:00,2026-04-06T14:23:03.271980+00:00,2026-04-06T14:58:36.502089+00:00,HOOD,2.09,signal_decay(0.84),4.32,4.32,2.4,0.155,0.074,0.038,0.004,0.0,0.202,0.0,-0.161,0.007,0.011,0.0,0.0,0.117,0.0,0.119,0.036,0.06,0.042,0.036,0.024,0.999
close_INTC_2026-04-06T14:58:36.063655+00:00,2026-04-06T13:43:02.623151+00:00,2026-04-06T14:58:36.063681+00:00,INTC,5.0,signal_decay(0.69),3.51,3.51,,,,,,,,,,,,,,,,,,,,,,
close_GM_2026-04-06T14:58:33.952094+00:00,2026-04-06T14:23:42.715288+00:00,2026-04-06T14:58:33.952128+00:00,GM,-0.33,signal_decay(0.93),4.1058,4.1058,2.4,0.155,0.074,0.038,0.004,0.0,0.202,0.0,-0.161,0.007,0.0,0.0,0.0,0.117,0.0,0.119,0.036,0.018,0.042,0.036,0.024,0.982
close_WFC_2026-04-06T14:58:33.076219+00:00,2026-04-06T13:41:51.247529+00:00,2026-04-06T14:58:33.076253+00:00,WFC,-0.01,signal_decay(0.90),3.2409,3.2409,2.4,0.154,0.074,0.037,0.004,0.0,0.201,0.0,-0.16,0.007,0.011,0.0,0.0,-0.04,0.0,0.118,0.036,0.018,0.041,0.036,0.024,0.996
close_F_2026-04-06T14:58:31.391783+00:00,2026-04-06T14:26:24.309298+00:00,2026-04-06T14:58:31.391827+00:00,F,-0.72,signal_decay(0.80),3.7386,3.7386,2.4,0.155,0.074,0.038,0.004,0.0,0.202,0.0,-0.161,0.007,0.0,0.0,0.0,0.117,0.0,0.119,0.036,0.018,0.042,0.036,0.024,1.0
close_CVX_2026-04-06T14:58:28.803989+00:00,2026-04-06T14:27:58.419519+00:00,2026-04-06T14:58:28.804025+00:00,CVX,-0.26,signal_decay(0.59),3.636,3.636,2.4,0.155,0.074,0.038,0.004,0.0,0.202,0.0,-0.161,0.007,0.032,0.0,0.0,0.117,0.0,0.119,0.036,0.018,0.042,0.036,0.024,0.983
close_COP_2026-04-06T14:58:25.831722+00:00,2026-04-06T14:26:29.074755+00:00,2026-04-06T14:58:25.831755+00:00,COP,-0.63,signal_decay(0.61),3.7341,3.7341,2.4,0.155,0.074,0.038,0.004,0.0,0.202,0.0,-0.161,0.007,0.0,0.0,0.0,0.117,0.0,0.06,0.036,0.018,0.042,0.036,0.024,0.983
close_COIN_2026-04-06T14:58:23.068689+00:00,2026-04-06T14:23:33.619451+00:00,2026-04-06T14:58:23.068724+00:00,COIN,1.05,signal_decay(0.82),4.2282,4.2282,2.4,0.155,0.074,0.038,0.004,0.0,0.202,0.0,-0.161,0.007,0.011,0.0,0.0,0.117,0.0,0.06,0.036,0.018,0.042,0.036,0.024,0.999
close_C_2026-04-06T14:58:20.523006+00:00,2026-04-06T14:23:39.756129+00:00,2026-04-06T14:58:20.523072+00:00,C,0.68,signal_decay(0.79),4.1868,4.1868,2.4,0.155,0.074,0.038,0.004,0.0,0.202,0.0,-0.161,0.007,0.0,0.0,0.0,0.117,0.0,0.119,0.036,0.018,0.042,0.036,0.024,0.998
close_BAC_2026-04-06T14:58:17.721601+00:00,2026-04-06T14:25:48.117975+00:00,2026-04-06T14:58:17.721644+00:00,BAC,0.55,signal_decay(0.61),3.7449,3.7449,2.4,0.155,0.074,0.038,0.004,0.0,0.202,0.0,-0.161,0.007,0.0,0.0,0.0,0.117,0.0,0.119,0.036,0.018,0.042,0.036,0.024,0.997
close_AMD_2026-04-06T14:58:14.749789+00:00,2026-04-06T14:23:19.597674+00:00,2026-04-06T14:58:14.749825+00:00,AMD,-0.04,signal_decay(0.61),4.2723,4.2723,2.4,0.155,0.074,0.038,0.004,0.0,0.202,0.0,-0.161,0.007,0.011,0.0,0.0,0.117,0.0,0.119,0.036,0.018,0.042,0.036,0.024,0.995
close_AAPL_2026-04-06T14:58:11.755155+00:00,2026-04-06T14:26:34.380500+00:00,2026-04-06T14:58:11.755201+00:00,AAPL,1.62,signal_decay(0.52),3.726,3.726,2.4,0.155,0.074,0.038,0.004,0.0,0.202,0.0,-0.161,0.007,0.032,0.0,0.0,0.117,0.0,0.048,0.036,0.06,0.042,0.036,0.024,0.994
close_JPM_2026-04-06T14:19:41.149289+00:00,2026-04-06T13:44:45.733912+00:00,2026-04-06T14:19:41.149342+00:00,JPM,0.71,signal_decay(0.78),4.291199999999999,4.291199999999999,2.4,0.154,0.074,0.069,0.004,0.0,0.201,0.0,-0.16,0.007,0.0,0.0,0.0,-0.009,0.0,0.059,0.036,0.018,0.041,0.036,0.059,0.991
close_LCID_2026-04-06T14:19:38.717583+00:00,2026-04-06T13:43:23.547151+00:00,2026-04-06T14:19:38.717638+00:00,LCID,-1.8,signal_decay(0.54),4.9992,4.9992,2.4,0.154,0.074,0.069,0.004,0.0,0.201,0.0,-0.16,0.007,0.0,0.0,0.0,-0.009,0.0,0.118,0.036,0.018,0.041,0.036,0.059,0.993
close_XOM_2026-04-06T14:19:32.602301+00:00,2026-04-06T13:43:03.464212+00:00,2026-04-06T14:19:32.602347+00:00,XOM,-2.6,signal_decay(0.35),4.5036,4.5036,,,,,,,,,,,,,,,,,,,,,,
close_WMT_2026-04-06T14:19:29.752019+00:00,2026-04-06T13:43:03.390175+00:00,2026-04-06T14:19:29.752078+00:00,WMT,3.6,signal_decay(0.60),4.5492,4.5492,,,,,,,,,,,,,,,,,,,,,,
close_UNH_2026-04-06T14:19:27.104340+00:00,2026-04-06T13:43:03.327072+00:00,2026-04-06T14:19:27.104379+00:00,UNH,2.4,signal_decay(0.58),4.8347999999999995,4.8347999999999995,,,,,,,,,,,,,,,,,,,,,,
close_TGT_2026-04-06T14:19:24.654844+00:00,2026-04-06T13:43:03.258273+00:00,2026-04-06T14:19:24.654875+00:00,TGT,0.68,signal_decay(0.37),4.8792,4.8792,,,,,,,,,,,,,,,,,,,,,,
close_SOFI_2026-04-06T14:19:22.103127+00:00,2026-04-06T13:43:03.186819+00:00,2026-04-06T14:19:22.103157+00:00,SOFI,0.19,signal_decay(0.73),3.672,3.672,,,,,,,,,,,,,,,,,,,,,,
close_SLB_2026-04-06T14:19:19.211590+00:00,2026-04-06T13:43:03.107946+00:00,2026-04-06T14:19:19.211624+00:00,SLB,-3.6,signal_decay(0.40),4.717199999999999,4.717199999999999,,,,,,,,,,,,,,,,,,,,,,
close_F_2026-04-06T14:18:55.466069+00:00,2026-04-06T13:45:50.657521+00:00,2026-04-06T14:18:55.466113+00:00,F,-0.43,signal_decay(0.49),4.2852,4.2852,,,,,,,,,,,,,,,,,,,,,,
close_PFE_2026-04-06T14:18:49.380520+00:00,2026-04-06T13:43:02.876237+00:00,2026-04-06T14:18:49.380547+00:00,PFE,3.99,signal_decay(0.54),4.653599999999999,4.653599999999999,,,,,,,,,,,,,,,,,,,,,,
close_NVDA_2026-04-06T14:18:46.602675+00:00,2026-04-06T13:43:02.875371+00:00,2026-04-06T14:18:46.602706+00:00,NVDA,-0.34,signal_decay(0.91),3.6648,3.6648,,,,,,,,,,,,,,,,,,,,,,
close_NIO_2026-04-06T14:18:43.966298+00:00,2026-04-06T13:43:02.803864+00:00,2026-04-06T14:18:43.966326+00:00,NIO,1.52,signal_decay(0.42),4.9692,4.9692,,,,,,,,,,,,,,,,,,,,,,
close_MSFT_2026-04-06T14:18:41.056988+00:00,2026-04-06T13:43:02.803212+00:00,2026-04-06T14:18:41.057078+00:00,MSFT,-2.19,signal_decay(0.65),3.4821,3.4821,,,,,,,,,,,,,,,,,,,,,,
close_MRNA_2026-04-06T14:18:37.997818+00:00,2026-04-06T13:43:02.623837+00:00,2026-04-06T14:18:37.997848+00:00,MRNA,0.96,signal_decay(0.59),4.9967999999999995,4.9967999999999995,,,,,,,,,,,,,,,,,,,,,,
close_HOOD_2026-04-06T14:18:35.452576+00:00,2026-04-06T13:43:02.547175+00:00,2026-04-06T14:18:35.452617+00:00,HOOD,-2.56,signal_decay(0.74),3.7188,3.7188,,,,,,,,,,,,,,,,,,,,,,
close_GM_2026-04-06T14:18:32.595237+00:00,2026-04-06T13:43:02.474820+00:00,2026-04-06T14:18:32.595265+00:00,GM,-3.29,signal_decay(0.43),5.094,5.094,,,,,,,,,,,,,,,,,,,,,,
close_COP_2026-04-06T14:18:30.140078+00:00,2026-04-06T13:43:02.402260+00:00,2026-04-06T14:18:30.140109+00:00,COP,-4.48,signal_decay(0.39),4.5984,4.5984,,,,,,,,,,,,,,,,,,,,,,
close_COIN_2026-04-06T14:18:27.381192+00:00,2026-04-06T13:43:02.329412+00:00,2026-04-06T14:18:27.381220+00:00,COIN,1.03,signal_decay(0.73),3.6279,3.6279,,,,,,,,,,,,,,,,,,,,,,
close_HD_2026-04-06T14:18:23.965877+00:00,2026-04-06T13:42:43.364109+00:00,2026-04-06T14:18:23.965912+00:00,HD,1.61,signal_decay(0.33),3.8891999999999993,3.8891999999999993,2.023,0.154,0.074,0.057,0.004,0.0,0.201,0.0,-0.072,0.007,0.021,0.0,0.0,0.19,0.0,0.024,0.036,0.018,0.041,0.036,0.059,0.99
close_LOW_2026-04-06T14:18:10.742871+00:00,2026-04-06T13:41:10.361986+00:00,2026-04-06T14:18:10.742913+00:00,LOW,0.86,signal_decay(0.30),4.367999999999999,4.367999999999999,2.4,0.154,0.074,0.069,0.004,0.0,0.201,0.0,-0.16,0.007,0.0,0.0,0.0,0.19,0.0,0.024,0.036,0.018,0.041,0.036,0.059,0.99
close_JNJ_2026-04-06T14:18:07.977026+00:00,2026-04-06T13:40:44.364379+00:00,2026-04-06T14:18:07.977105+00:00,JNJ,1.08,signal_decay(0.52)+flow_reversal,4.4304,4.4304,2.4,0.154,0.074,0.069,0.004,0.0,0.201,0.0,-0.16,0.007,0.0,0.0,0.0,0.19,0.0,0.118,0.036,0.018,0.041,0.036,0.059,0.998
close_CVX_2026-04-06T14:18:04.969895+00:00,2026-04-06T13:40:12.149776+00:00,2026-04-06T14:18:04.969929+00:00,CVX,-1.87,signal_decay(0.38),4.4664,4.4664,2.4,0.154,0.074,0.069,0.004,0.0,0.201,0.0,-0.16,0.007,0.032,0.0,0.0,0.19,0.0,0.118,0.036,0.018,0.041,0.036,0.059,0.998
close_C_2026-04-06T14:18:03.764744+00:00,2026-04-06T13:47:50.020779+00:00,2026-04-06T14:18:03.764774+00:00,C,-2.2,signal_decay(0.79),4.884,4.884,,,,,,,,,,,,,,,,,,,,,,
close_RIVN_2026-04-06T14:18:01.663505+00:00,2026-04-02T19:49:27.611992+00:00,2026-04-06T14:18:01.663546+00:00,RIVN,-8.75,"signal_decay(0.43)+stale_alpha_cutoff(5428min,-0.02%)",6.273599999999999,6.273599999999999,,,,,,,,,,,,,,,,,,,,,,
close_BAC_2026-04-06T14:18:00.968406+00:00,2026-04-06T13:44:26.263547+00:00,2026-04-06T14:18:00.968450+00:00,BAC,-0.06,signal_decay(0.78),4.295999999999999,4.295999999999999,2.4,0.154,0.074,0.069,0.004,0.0,0.201,0.0,-0.16,0.007,0.0,0.0,0.0,-0.009,0.0,0.118,0.036,0.018,0.041,0.036,0.059,0.991
close_XLE_2026-04-06T14:17:59.115766+00:00,2026-04-02T19:48:21.161905+00:00,2026-04-06T14:17:59.115804+00:00,XLE,-2.94,"signal_decay(0.41)+flow_reversal+stale_alpha_cutoff(5429min,-0.01%)",5.4468,5.4468,2.4,0.171,0.082,0.077,0.005,0.0,0.223,0.0,-0.177,0.008,0.0,0.0,0.0,0.543,0.0,0.053,0.039,0.02,0.046,0.039,0.066,0.994
close_BA_2026-04-06T14:17:58.178434+00:00,2026-04-06T13:42:13.287003+00:00,2026-04-06T14:17:58.178470+00:00,BA,0.01,signal_decay(0.41),4.1136,4.1136,2.4,0.154,0.074,0.069,0.004,0.0,0.201,0.0,-0.16,0.007,0.0,0.0,0.0,0.19,0.0,0.118,0.036,0.018,0.041,0.036,0.059,0.997
close_XLK_2026-04-06T14:17:53.492875+00:00,2026-04-06T13:43:57.706908+00:00,2026-04-06T14:17:53.492909+00:00,XLK,0.08,signal_decay(0.78)+flow_reversal,4.508399999999999,4.508399999999999,2.4,0.154,0.074,0.069,0.004,0.0,0.201,0.0,-0.16,0.007,0.0,0.0,0.0,-0.009,0.0,0.059,0.036,0.018,0.041,0.036,0.059,0.99
close_C_2026-04-06T13:39:59.295147+00:00,2026-04-02T19:49:27.193795+00:00,2026-04-06T13:39:59.295194+00:00,C,-0.99,"signal_decay(0.60)+stale_alpha_cutoff(5390min,-0.00%)",6.1308,6.1308,,,,,,,,,,,,,,,,,,,,,,
close_AMD_2026-04-06T13:39:44.214686+00:00,2026-04-02T19:49:27.193062+00:00,2026-04-06T13:39:44.214717+00:00,AMD,-0.76,"signal_decay(0.60)+stale_alpha_cutoff(5390min,-0.00%)",6.2627999999999995,6.2627999999999995,,,,,,,,,,,,,,,,,,,,,,
close_XLV_2026-04-02T19:42:16.816386+00:00,2026-04-02T18:34:00.655123+00:00,2026-04-02T19:42:16.816475+00:00,XLV,-0.05,signal_decay(0.82),3.348,3.348,2.4,0.172,0.083,0.042,0.005,0.0,0.225,0.0,-0.179,0.008,0.0,0.0,0.0,-0.184,0.0,0.053,0.04,0.02,0.046,0.04,0.026,0.991
close_XLP_2026-04-02T19:42:14.065584+00:00,2026-04-02T18:33:56.171763+00:00,2026-04-02T19:42:14.065619+00:00,XLP,-0.26,signal_decay(0.88),3.3488999999999995,3.3488999999999995,2.4,0.172,0.083,0.042,0.005,0.0,0.225,0.0,-0.179,0.008,0.0,0.0,0.0,-0.184,0.0,0.053,0.04,0.02,0.046,0.04,0.026,0.991
close_XLE_2026-04-02T19:42:00.879762+00:00,2026-04-02T18:33:32.943380+00:00,2026-04-02T19:42:00.879815+00:00,XLE,0.33,signal_decay(0.82),3.3632999999999997,3.3632999999999997,2.4,0.172,0.083,0.042,0.005,0.0,0.225,0.0,-0.179,0.008,0.0,0.0,0.0,-0.184,0.0,0.053,0.04,0.02,0.046,0.04,0.026,0.99
close_SPY_2026-04-02T19:41:33.076038+00:00,2026-04-02T19:09:37.326968+00:00,2026-04-02T19:41:33.076080+00:00,SPY,0.01,signal_decay(0.51),5.4036,5.4036,,,,,,,,,,,,,,,,,,,,,,
close_RIVN_2026-04-02T19:41:30.310473+00:00,2026-04-02T18:34:58.697720+00:00,2026-04-02T19:41:30.310526+00:00,RIVN,-3.96,signal_decay(0.91),3.9888000000000003,3.9888000000000003,2.4,0.172,0.083,0.042,0.005,0.0,0.225,0.0,-0.179,0.008,0.0,0.0,0.0,-0.184,0.0,0.053,0.04,0.02,0.046,0.04,0.026,0.998
close_PFE_2026-04-02T19:41:27.985014+00:00,2026-04-02T18:32:50.591604+00:00,2026-04-02T19:41:27.985051+00:00,PFE,0.42,signal_decay(0.91),3.4146,3.4146,2.284,0.172,0.083,0.042,0.005,0.0,0.225,0.0,-0.148,0.008,0.0,0.0,0.0,-0.184,0.0,0.053,0.04,0.066,0.046,0.04,0.026,0.985
close_WMT_2026-04-02T19:41:26.372083+00:00,2026-04-02T18:32:21.233747+00:00,2026-04-02T19:41:26.372117+00:00,WMT,-0.31,signal_decay(0.88),3.4316999999999998,3.4316999999999998,2.4,0.172,0.083,0.042,0.005,0.0,0.225,0.0,-0.179,0.008,0.0,0.0,0.0,-0.184,0.0,0.053,0.04,0.02,0.046,0.04,0.026,0.986
close_WFC_2026-04-02T19:41:23.407456+00:00,2026-04-02T18:31:46.608168+00:00,2026-04-02T19:41:23.407499+00:00,WFC,-0.08,signal_decay(0.88),3.4829999999999997,3.4829999999999997,2.4,0.172,0.083,0.042,0.005,0.0,0.225,0.0,-0.179,0.008,0.012,0.0,0.0,-0.184,0.0,0.053,0.04,0.02,0.046,0.04,0.026,0.992
close_NIO_2026-04-02T19:41:14.160144+00:00,2026-04-02T18:35:23.751066+00:00,2026-04-02T19:41:14.160182+00:00,NIO,-0.36,signal_decay(0.88),3.8502000000000005,3.8502000000000005,2.4,0.172,0.083,0.042,0.005,0.0,0.225,0.0,-0.179,0.008,0.0,0.0,0.0,-0.184,0.0,0.053,0.04,0.066,0.046,0.04,0.026,0.999
close_MRNA_2026-04-02T19:40:49.588758+00:00,2026-04-02T18:30:39.938550+00:00,2026-04-02T19:40:49.589423+00:00,MRNA,-0.47,signal_decay(0.92),3.6225000000000005,3.6225000000000005,2.284,0.172,0.083,0.042,0.005,0.0,0.225,0.0,-0.148,0.008,0.0,0.0,0.0,-0.184,0.0,0.053,0.04,0.02,0.046,0.04,0.026,0.985
close_XLK_2026-04-02T19:40:48.530872+00:00,2026-04-02T18:30:34.597816+00:00,2026-04-02T19:40:48.530925+00:00,XLK,-0.38,signal_decay(0.85),3.6593999999999998,3.6593999999999998,2.4,0.172,0.083,0.042,0.005,0.0,0.225,0.0,-0.179,0.008,0.0,0.0,0.0,-0.184,0.0,0.053,0.04,0.02,0.046,0.04,0.026,0.991
close_MA_2026-04-02T19:40:46.781427+00:00,2026-04-02T18:31:31.456729+00:00,2026-04-02T19:40:46.781466+00:00,MA,-0.22,signal_decay(0.88),3.5037,3.5037,2.4,0.172,0.083,0.042,0.005,0.0,0.225,0.0,-0.179,0.008,0.012,0.0,0.0,-0.184,0.0,0.053,0.04,0.02,0.046,0.04,0.026,1.0
close_TGT_2026-04-02T19:40:45.344348+00:00,2026-04-02T18:30:32.940941+00:00,2026-04-02T19:40:45.344386+00:00,TGT,-1.14,signal_decay(0.90),3.6738,3.6738,2.4,0.172,0.083,0.042,0.005,0.0,0.225,0.0,-0.179,0.008,0.0,0.0,0.0,-0.184,0.0,0.053,0.04,0.132,0.046,0.04,0.026,0.986
close_LOW_2026-04-02T19:40:43.796720+00:00,2026-04-02T18:33:10.829117+00:00,2026-04-02T19:40:43.796755+00:00,LOW,-1.52,signal_decay(0.88),3.3795,3.3795,2.4,0.172,0.083,0.042,0.005,0.0,0.225,0.0,-0.179,0.008,0.0,0.0,0.0,-0.184,0.0,0.053,0.04,0.02,0.046,0.04,0.026,0.986
close_MS_2026-04-02T19:40:42.797035+00:00,2026-04-02T18:30:19.972297+00:00,2026-04-02T19:40:42.797094+00:00,MS,-0.46,signal_decay(0.90),3.6999,3.6999,2.4,0.172,0.083,0.042,0.005,0.0,0.225,0.0,-0.179,0.008,0.0,0.0,0.0,-0.184,0.0,0.053,0.04,0.02,0.046,0.04,0.026,0.991
close_JPM_2026-04-02T19:40:41.038613+00:00,2026-04-02T18:31:00.924168+00:00,2026-04-02T19:40:41.038662+00:00,JPM,-0.11,signal_decay(0.89),3.5450999999999997,3.5450999999999997,2.4,0.172,0.083,0.042,0.005,0.0,0.225,0.0,-0.179,0.008,0.0,0.0,0.0,-0.184,0.0,0.053,0.04,0.02,0.046,0.04,0.026,0.991
close_UNH_2026-04-02T19:40:40.257853+00:00,2026-04-02T18:30:03.100267+00:00,2026-04-02T19:40:40.257889+00:00,UNH,-0.75,signal_decay(0.57),3.7233000000000005,3.7233000000000005,2.4,0.172,0.083,0.042,0.005,0.0,0.225,0.0,-0.179,0.008,0.012,0.0,0.0,-0.184,0.0,0.053,0.04,0.02,0.046,0.04,0.026,0.985
close_JNJ_2026-04-02T19:40:38.708445+00:00,2026-04-02T19:09:11.640129+00:00,2026-04-02T19:40:38.708486+00:00,JNJ,-0.59,signal_decay(0.53),5.321999999999999,5.321999999999999,2.4,0.172,0.083,0.077,0.005,0.0,0.225,0.0,-0.179,0.008,0.0,0.0,0.0,0.547,0.0,0.053,0.04,-0.066,0.046,0.04,0.066,0.991
close_MSFT_2026-04-02T19:40:37.285010+00:00,2026-04-02T18:29:50.528219+00:00,2026-04-02T19:40:37.285049+00:00,MSFT,-1.98,signal_decay(0.91),3.8475000000000006,3.8475000000000006,2.4,0.172,0.083,0.042,0.005,0.0,0.225,0.0,-0.179,0.008,0.048,0.0,0.0,-0.184,0.0,0.053,0.04,0.02,0.046,0.04,0.026,0.988
close_INTC_2026-04-02T19:40:35.957096+00:00,2026-04-02T18:35:28.250956+00:00,2026-04-02T19:40:35.957130+00:00,INTC,-2.82,signal_decay(0.86),3.7403999999999997,3.7403999999999997,2.4,0.172,0.083,0.042,0.005,0.0,0.225,0.0,-0.179,0.008,0.0,0.0,0.0,-0.184,0.0,0.053,0.04,0.02,0.046,0.04,0.026,0.987
close_HD_2026-04-02T19:40:32.734485+00:00,2026-04-02T18:33:51.742023+00:00,2026-04-02T19:40:32.734529+00:00,HD,-1.61,signal_decay(0.88),3.3579,3.3579,2.4,0.172,0.083,0.042,0.005,0.0,0.225,0.0,-0.179,0.008,0.024,0.0,0.0,-0.184,0.0,0.053,0.04,0.02,0.046,0.04,0.026,0.986
close_GOOGL_2026-04-02T19:40:29.962482+00:00,2026-04-02T18:33:15.644260+00:00,2026-04-02T19:40:29.962527+00:00,GOOGL,-0.12,signal_decay(0.88),3.3687,3.3687,2.4,0.172,0.083,0.042,0.005,0.0,0.225,0.0,-0.179,0.008,0.012,0.0,0.0,-0.184,0.0,0.053,0.04,0.02,0.046,0.04,0.026,0.989
close_GM_2026-04-02T19:40:27.169810+00:00,2026-04-02T18:35:19.092499+00:00,2026-04-02T19:40:27.169846+00:00,GM,-1.02,signal_decay(0.89),3.8663999999999996,3.8663999999999996,2.4,0.172,0.083,0.042,0.005,0.0,0.225,0.0,-0.179,0.008,0.0,0.0,0.0,-0.184,0.0,0.053,0.04,0.02,0.046,0.04,0.026,0.999
close_COP_2026-04-02T19:40:24.385281+00:00,2026-04-02T18:36:07.154547+00:00,2026-04-02T19:40:24.385313+00:00,COP,0.68,signal_decay(0.88),3.582,3.582,2.4,0.172,0.083,0.042,0.005,0.0,0.225,0.0,-0.179,0.008,0.0,0.0,0.0,-0.184,0.0,0.053,0.04,0.066,0.046,0.04,0.026,1.0
close_TSLA_2026-04-02T19:40:24.102302+00:00,2026-04-02T18:29:36.485094+00:00,2026-04-02T19:40:24.102338+00:00,TSLA,-1.04,signal_decay(0.87),3.9267,3.9267,2.4,0.172,0.083,0.042,0.005,0.0,0.225,0.0,-0.179,0.008,0.0,0.0,0.0,-0.184,0.0,0.053,0.04,0.132,0.046,0.04,0.026,0.989
close_NVDA_2026-04-02T19:40:21.563965+00:00,2026-04-02T18:29:30.077565+00:00,2026-04-02T19:40:21.564002+00:00,NVDA,-0.53,signal_decay(0.87),3.978,3.978,2.4,0.172,0.083,0.042,0.005,0.0,0.225,0.0,-0.179,0.008,0.0,0.0,0.0,-0.184,0.0,0.053,0.04,0.066,0.046,0.04,0.026,0.989
close_C_2026-04-02T19:40:21.190008+00:00,2026-04-02T18:29:48.915450+00:00,2026-04-02T19:40:21.190063+00:00,C,-0.4,signal_decay(0.91),3.8718,3.8718,2.4,0.172,0.083,0.042,0.005,0.0,0.225,0.0,-0.179,0.008,0.0,0.0,0.0,-0.184,0.0,0.053,0.04,0.02,0.046,0.04,0.026,0.992
close_BAC_2026-04-02T19:40:18.641074+00:00,2026-04-02T18:32:37.988752+00:00,2026-04-02T19:40:18.641110+00:00,BAC,0.36,signal_decay(0.88),3.4155,3.4155,2.4,0.172,0.083,0.042,0.005,0.0,0.225,0.0,-0.179,0.008,0.0,0.0,0.0,-0.184,0.0,0.053,0.04,0.02,0.046,0.04,0.026,0.991
close_BA_2026-04-02T19:40:16.298226+00:00,2026-04-02T19:09:24.183820+00:00,2026-04-02T19:40:16.298274+00:00,BA,1.48,signal_decay(0.58),5.111999999999999,5.111999999999999,2.4,0.172,0.083,0.077,0.005,0.0,0.225,0.0,-0.179,0.008,0.0,0.0,0.0,0.547,0.0,0.053,0.04,0.02,0.046,0.04,0.066,0.99
close_AMZN_2026-04-02T19:40:13.322595+00:00,2026-04-02T19:08:59.308816+00:00,2026-04-02T19:40:13.322645+00:00,AMZN,0.03,signal_decay(0.59),5.3232,5.3232,2.4,0.172,0.083,0.077,0.005,0.0,0.225,0.0,-0.179,0.008,0.012,0.0,0.0,0.547,0.0,0.053,0.04,0.02,0.046,0.04,0.066,0.986
close_AMD_2026-04-02T19:40:10.768065+00:00,2026-04-02T18:29:34.858038+00:00,2026-04-02T19:40:10.768101+00:00,AMD,-1.72,signal_decay(0.87),3.9761999999999995,3.9761999999999995,2.4,0.172,0.083,0.042,0.005,0.0,0.225,0.0,-0.179,0.008,0.012,0.0,0.0,-0.184,0.0,0.053,0.04,0.02,0.046,0.04,0.026,0.989
close_AAPL_2026-04-02T19:40:08.211175+00:00,2026-04-02T18:31:10.471702+00:00,2026-04-02T19:40:08.211210+00:00,AAPL,-0.02,signal_decay(0.89),3.51,3.51,2.4,0.172,0.083,0.042,0.005,0.0,0.225,0.0,-0.179,0.008,0.048,0.0,0.0,-0.184,0.0,0.053,0.04,0.066,0.046,0.04,0.026,0.988
close_SOFI_2026-04-02T19:08:46.925155+00:00,2026-04-02T18:34:54.705375+00:00,2026-04-02T19:08:46.925195+00:00,SOFI,-1.89,signal_decay(0.77)+flow_reversal,3.9888000000000003,3.9888000000000003,2.4,0.172,0.083,0.042,0.005,0.0,0.225,0.0,-0.179,0.008,0.0,0.0,0.0,-0.184,0.0,0.053,0.04,0.02,0.046,0.04,0.026,0.998
close_COIN_2026-04-02T19:08:44.136022+00:00,2026-04-02T18:34:50.477983+00:00,2026-04-02T19:08:44.136186+00:00,COIN,-0.84,signal_decay(0.77)+flow_reversal,3.9978000000000002,3.9978000000000002,2.4,0.172,0.083,0.042,0.005,0.0,0.225,0.0,-0.179,0.008,0.012,0.0,0.0,-0.184,0.0,0.053,0.04,0.02,0.046,0.04,0.026,0.998
close_HOOD_2026-04-02T19:08:41.344245+00:00,2026-04-02T18:34:39.787481+00:00,2026-04-02T19:08:41.344296+00:00,HOOD,-0.24,signal_decay(0.78)+flow_reversal,3.9987,3.9987,2.4,0.172,0.083,0.042,0.005,0.0,0.225,0.0,-0.179,0.008,0.012,0.0,0.0,-0.184,0.0,0.053,0.04,0.02,0.046,0.04,0.026,0.998
close_PLTR_2026-04-02T19:08:38.681121+00:00,2026-04-02T18:34:33.395628+00:00,2026-04-02T19:08:38.681160+00:00,PLTR,-0.1,signal_decay(0.78)+flow_reversal,4.016699999999999,4.016699999999999,2.4,0.172,0.083,0.042,0.005,0.0,0.225,0.0,-0.179,0.008,0.012,0.0,0.0,-0.184,0.0,0.053,0.04,0.132,0.046,0.04,0.026,0.998
close_SLB_2026-04-02T18:27:50.467295+00:00,2026-04-02T17:55:32.253248+00:00,2026-04-02T18:27:50.467325+00:00,SLB,-0.36,signal_decay(0.61),3.5757,3.5757,,,,,,,,,,,,,,,,,,,,,,
close_UNH_2026-04-02T18:27:49.898577+00:00,2026-04-02T17:55:32.251922+00:00,2026-04-02T18:27:49.898618+00:00,UNH,0.88,signal_decay(0.90),3.7584000000000004,3.7584000000000004,,,,,,,,,,,,,,,,,,,,,,
close_NVDA_2026-04-02T18:27:15.759230+00:00,2026-04-02T17:55:32.252639+00:00,2026-04-02T18:27:15.759264+00:00,NVDA,-0.26,signal_decay(0.85),3.9717000000000002,3.9717000000000002,,,,,,,,,,,,,,,,,,,,,,
close_PFE_2026-04-02T18:27:15.184738+00:00,2026-04-02T17:55:32.245735+00:00,2026-04-02T18:27:15.184768+00:00,PFE,-0.55,signal_decay(0.86),3.5406,3.5406,,,,,,,,,,,,,,,,,,,,,,
close_NIO_2026-04-02T18:27:13.217176+00:00,2026-04-02T17:55:32.247144+00:00,2026-04-02T18:27:13.217206+00:00,NIO,-2.66,signal_decay(0.62),3.8286,3.8286,,,,,,,,,,,,,,,,,,,,,,
close_RIVN_2026-04-02T18:27:09.624215+00:00,2026-04-02T17:55:32.244979+00:00,2026-04-02T18:27:09.624263+00:00,RIVN,0.22,signal_decay(0.64),3.9680999999999997,3.9680999999999997,,,,,,,,,,,,,,,,,,,,,,
close_MS_2026-04-02T18:27:07.403455+00:00,2026-04-02T17:55:32.249938+00:00,2026-04-02T18:27:07.403488+00:00,MS,0.25,signal_decay(0.79),3.6935999999999996,3.6935999999999996,,,,,,,,,,,,,,,,,,,,,,
close_PLTR_2026-04-02T18:27:07.065748+00:00,2026-04-02T17:55:32.242128+00:00,2026-04-02T18:27:07.065778+00:00,PLTR,-0.24,signal_decay(0.63),3.9951000000000003,3.9951000000000003,,,,,,,,,,,,,,,,,,,,,,
close_TSLA_2026-04-02T18:27:04.533640+00:00,2026-04-02T17:55:32.229875+00:00,2026-04-02T18:27:04.533670+00:00,TSLA,0.51,signal_decay(0.85),3.9204,3.9204,,,,,,,,,,,,,,,,,,,,,,
close_TGT_2026-04-02T18:26:50.877584+00:00,2026-04-02T17:55:32.227682+00:00,2026-04-02T18:26:50.877615+00:00,TGT,0.34,signal_decay(0.89),3.7098,3.7098,,,,,,,,,,,,,,,,,,,,,,
close_MRNA_2026-04-02T18:26:48.110897+00:00,2026-04-02T17:55:32.226918+00:00,2026-04-02T18:26:48.110946+00:00,MRNA,0.54,signal_decay(0.87),3.7476,3.7476,,,,,,,,,,,,,,,,,,,,,,
close_SOFI_2026-04-02T18:26:45.359140+00:00,2026-04-02T17:55:32.226116+00:00,2026-04-02T18:26:45.359167+00:00,SOFI,0.21,signal_decay(0.64),3.9680999999999997,3.9680999999999997,,,,,,,,,,,,,,,,,,,,,,
close_XOM_2026-04-02T18:26:31.954928+00:00,2026-04-02T17:54:09.356943+00:00,2026-04-02T18:26:31.954979+00:00,XOM,-0.51,signal_decay(0.59),3.4074,3.4074,2.4,0.173,0.083,0.042,0.005,0.0,0.226,0.0,-0.179,0.008,0.0,0.0,0.0,-0.184,0.0,0.053,0.04,0.02,0.046,0.04,0.027,0.991
close_LOW_2026-04-02T18:26:29.202351+00:00,2026-04-02T17:53:35.739566+00:00,2026-04-02T18:26:29.202390+00:00,LOW,-0.65,signal_decay(0.88),3.4146,3.4146,2.4,0.173,0.083,0.042,0.005,0.0,0.226,0.0,-0.179,0.008,0.0,0.0,0.0,-0.184,0.0,0.053,0.04,0.02,0.046,0.04,0.027,1.0
close_WMT_2026-04-02T18:26:26.436872+00:00,2026-04-02T17:52:43.904341+00:00,2026-04-02T18:26:26.436920+00:00,WMT,-0.05,signal_decay(0.88),3.4668,3.4668,2.4,0.173,0.083,0.042,0.005,0.0,0.226,0.0,-0.179,0.008,0.0,0.0,0.0,-0.184,0.0,0.053,0.04,0.02,0.046,0.04,0.027,0.999
close_WFC_2026-04-02T18:26:23.467437+00:00,2026-04-02T17:52:39.083518+00:00,2026-04-02T18:26:23.467475+00:00,WFC,-0.01,signal_decay(0.89),3.4767,3.4767,2.4,0.173,0.083,0.042,0.005,0.0,0.226,0.0,-0.179,0.008,0.012,0.0,0.0,-0.184,0.0,0.053,0.04,0.02,0.046,0.04,0.027,0.989
close_IWM_2026-04-02T18:26:21.383647+00:00,2026-04-02T17:54:45.424332+00:00,2026-04-02T18:26:21.383687+00:00,IWM,-0.09,signal_decay(0.68),3.3858,3.3858,2.4,0.173,0.083,0.042,0.005,0.0,0.226,0.0,-0.179,0.008,0.0,0.0,0.0,-0.184,0.0,0.053,0.04,0.02,0.046,0.04,0.027,0.987
close_MA_2026-04-02T18:26:20.450958+00:00,2026-04-02T17:52:33.107386+00:00,2026-04-02T18:26:20.450992+00:00,MA,0.65,signal_decay(0.89),3.4785,3.4785,2.4,0.173,0.083,0.042,0.005,0.0,0.226,0.0,-0.179,0.008,0.012,0.0,0.0,-0.184,0.0,0.053,0.04,0.02,0.046,0.04,0.027,0.989
close_INTC_2026-04-02T18:26:18.846821+00:00,2026-04-02T17:55:32.229147+00:00,2026-04-02T18:26:18.846855+00:00,INTC,-1.5,signal_decay(0.93),3.7394999999999996,3.7394999999999996,,,,,,,,,,,,,,,,,,,,,,
close_JPM_2026-04-02T18:26:17.915662+00:00,2026-04-02T17:52:01.332948+00:00,2026-04-02T18:26:17.915698+00:00,JPM,-0.27,signal_decay(0.73)+flow_reversal,3.5388,3.5388,2.4,0.173,0.083,0.042,0.005,0.0,0.226,0.0,-0.179,0.008,0.0,0.0,0.0,-0.184,0.0,0.053,0.04,0.02,0.046,0.04,0.027,0.988
close_HOOD_2026-04-02T18:26:16.306900+00:00,2026-04-02T17:55:32.249250+00:00,2026-04-02T18:26:16.306929+00:00,HOOD,-0.06,signal_decay(0.64),3.978,3.978,,,,,,,,,,,,,,,,,,,,,,
close_XLK_2026-04-02T18:26:15.148821+00:00,2026-04-02T17:51:20.358951+00:00,2026-04-02T18:26:15.148874+00:00,XLK,-0.24,signal_decay(0.74)+flow_reversal,3.6530999999999993,3.6530999999999993,2.4,0.173,0.083,0.042,0.005,0.0,0.226,0.0,-0.179,0.008,0.0,0.0,0.0,-0.184,0.0,0.053,0.04,0.02,0.046,0.04,0.027,0.987
close_HD_2026-04-02T18:26:13.752923+00:00,2026-04-02T17:54:38.168301+00:00,2026-04-02T18:26:13.752968+00:00,HD,-0.64,signal_decay(0.79),3.3930000000000002,3.3930000000000002,2.4,0.173,0.083,0.042,0.005,0.0,0.226,0.0,-0.179,0.008,0.024,0.0,0.0,-0.184,0.0,0.053,0.04,0.02,0.046,0.04,0.027,0.999
close_GM_2026-04-02T18:26:10.776135+00:00,2026-04-02T17:55:32.228416+00:00,2026-04-02T18:26:10.776164+00:00,GM,0.21,signal_decay(0.62),3.8457,3.8457,,,,,,,,,,,,,,,,,,,,,,
close_F_2026-04-02T18:26:07.989222+00:00,2026-04-02T17:55:32.247916+00:00,2026-04-02T18:26:07.989264+00:00,F,,signal_decay(0.57),3.4604999999999997,3.4604999999999997,,,,,,,,,,,,,,,,,,,,,,
close_CVX_2026-04-02T18:26:05.399457+00:00,2026-04-02T17:55:10.383909+00:00,2026-04-02T18:26:05.399502+00:00,CVX,-0.23,signal_decay(0.58),3.3822,3.3822,2.4,0.173,0.083,0.042,0.005,0.0,0.226,0.0,-0.179,0.008,0.036,0.0,0.0,-0.184,0.0,0.053,0.04,0.02,0.046,0.04,0.027,0.991
close_COP_2026-04-02T18:26:02.798160+00:00,2026-04-02T17:55:32.248596+00:00,2026-04-02T18:26:02.798190+00:00,COP,-0.49,signal_decay(0.61),3.5604,3.5604,,,,,,,,,,,,,,,,,,,,,,
close_COIN_2026-04-02T18:26:00.249567+00:00,2026-04-02T17:55:32.246451+00:00,2026-04-02T18:26:00.249596+00:00,COIN,0.25,signal_decay(0.67),3.9771000000000005,3.9771000000000005,,,,,,,,,,,,,,,,,,,,,,
close_C_2026-04-02T18:25:57.250191+00:00,2026-04-02T17:55:32.251234+00:00,2026-04-02T18:25:57.250218+00:00,C,-0.93,signal_decay(0.81),3.8646000000000007,3.8646000000000007,,,,,,,,,,,,,,,,,,,,,,
close_BAC_2026-04-02T18:25:54.280213+00:00,2026-04-02T17:53:49.356847+00:00,2026-04-02T18:25:54.280251+00:00,BAC,,signal_decay(0.72),3.4083,3.4083,2.4,0.173,0.083,0.042,0.005,0.0,0.226,0.0,-0.179,0.008,0.0,0.0,0.0,-0.184,0.0,0.053,0.04,0.02,0.046,0.04,0.027,0.988
close_AMD_2026-04-02T18:25:51.742572+00:00,2026-04-02T17:55:32.250613+00:00,2026-04-02T18:25:51.742602+00:00,AMD,-0.48,signal_decay(0.85),3.9698999999999995,3.9698999999999995,,,,,,,,,,,,,,,,,,,,,,
close_AAPL_2026-04-02T18:25:47.902345+00:00,2026-04-02T17:52:16.337218+00:00,2026-04-02T18:25:47.902388+00:00,AAPL,-0.7,signal_decay(0.80),3.5028,3.5028,2.4,0.173,0.083,0.042,0.005,0.0,0.226,0.0,-0.179,0.008,0.048,0.0,0.0,-0.184,0.0,0.053,0.04,0.066,0.046,0.04,0.027,0.985
close_MSFT_2026-04-02T17:50:35.924588+00:00,2026-04-02T17:15:10.359695+00:00,2026-04-02T17:50:35.924615+00:00,MSFT,-0.45,signal_decay(0.72),5.005199999999999,5.005199999999999,,,,,,,,,,,,,,,,,,,,,,
close_XLI_2026-04-02T17:48:56.122524+00:00,2026-04-02T17:11:42.500481+00:00,2026-04-02T17:48:56.122558+00:00,XLI,-0.16,signal_decay(0.47),4.970399999999999,4.970399999999999,2.007,0.172,0.082,0.062,0.005,0.0,0.224,0.0,-0.076,0.008,0.0,0.0,0.0,0.545,0.0,0.053,0.04,0.02,0.046,0.04,0.066,0.986
close_XLP_2026-04-02T17:48:53.374351+00:00,2026-04-02T17:11:31.265367+00:00,2026-04-02T17:48:53.374385+00:00,XLP,-0.3,signal_decay(0.26)+flow_reversal,4.9728,4.9728,2.007,0.172,0.082,0.062,0.005,0.0,0.224,0.0,-0.076,0.008,0.0,0.0,0.0,0.545,0.0,0.053,0.04,0.02,0.046,0.04,0.066,0.987
close_TSLA_2026-04-02T17:48:53.256342+00:00,2026-04-02T17:13:12.726696+00:00,2026-04-02T17:48:53.256377+00:00,TSLA,-4.14,signal_decay(0.77),5.544,5.544,,,,,,,,,,,,,,,,,,,,,,
close_XLF_2026-04-02T17:48:49.979322+00:00,2026-04-02T17:11:00.922011+00:00,2026-04-02T17:48:49.979357+00:00,XLF,0.02,signal_decay(0.61),5.038799999999999,5.038799999999999,2.067,0.172,0.082,0.067,0.005,0.0,0.224,0.0,-0.092,0.008,0.0,0.0,0.0,0.545,0.0,0.053,0.04,0.02,0.046,0.04,0.066,0.986
close_XLV_2026-04-02T17:48:36.797576+00:00,2026-04-02T17:10:32.785993+00:00,2026-04-02T17:48:36.797616+00:00,XLV,-0.38,signal_decay(0.47),5.039999999999999,5.039999999999999,2.067,0.172,0.082,0.067,0.005,0.0,0.224,0.0,-0.092,0.008,0.0,0.0,0.0,0.545,0.0,0.053,0.04,0.02,0.046,0.04,0.066,0.986
close_XLE_2026-04-02T17:48:34.262465+00:00,2026-04-02T17:10:27.091146+00:00,2026-04-02T17:48:34.262503+00:00,XLE,-1.53,signal_decay(0.61),5.0604,5.0604,2.067,0.172,0.082,0.067,0.005,0.0,0.224,0.0,-0.092,0.008,0.0,0.0,0.0,0.545,0.0,0.053,0.04,0.02,0.046,0.04,0.066,0.986
close_XLK_2026-04-02T17:48:20.877026+00:00,2026-04-02T17:08:47.228282+00:00,2026-04-02T17:48:20.877060+00:00,XLK,-0.11,signal_decay(0.50),5.4552000000000005,5.4552000000000005,2.067,0.172,0.082,0.067,0.005,0.0,0.224,0.0,-0.092,0.008,0.0,0.0,0.0,0.545,0.0,0.053,0.04,0.02,0.046,0.04,0.066,0.986
close_PLTR_2026-04-02T17:47:51.135918+00:00,2026-04-02T17:13:12.663961+00:00,2026-04-02T17:47:51.135945+00:00,PLTR,-0.28,signal_decay(0.34),5.9796,5.9796,,,,,,,,,,,,,,,,,,,,,,
close_NVDA_2026-04-02T17:47:48.291914+00:00,2026-04-02T17:13:12.604593+00:00,2026-04-02T17:47:48.291942+00:00,NVDA,0.07,signal_decay(0.77),5.6112,5.6112,,,,,,,,,,,,,,,,,,,,,,
close_MSFT_2026-04-02T17:47:31.771513+00:00,2026-04-02T17:15:10.359695+00:00,2026-04-02T17:47:31.771544+00:00,MSFT,-0.39,signal_decay(0.72),5.005199999999999,5.005199999999999,,,,,,,,,,,,,,,,,,,,,,
close_MS_2026-04-02T17:47:28.989874+00:00,2026-04-02T17:13:12.603911+00:00,2026-04-02T17:47:28.989910+00:00,MS,0.78,signal_decay(0.31),5.440799999999999,5.440799999999999,,,,,,,,,,,,,,,,,,,,,,
close_NFLX_2026-04-02T17:47:08.775112+00:00,2026-04-02T17:06:12.474849+00:00,2026-04-02T17:47:08.775162+00:00,NFLX,-0.75,signal_decay(0.75),4.902,4.902,1.901,0.173,0.083,0.055,0.005,0.0,0.16,0.0,-0.049,0.008,0.0,0.0,0.0,0.55,0.0,0.053,0.04,0.02,0.047,0.04,0.067,0.998
close_LCID_2026-04-02T17:46:47.850496+00:00,2026-04-02T17:07:35.344066+00:00,2026-04-02T17:46:47.850528+00:00,LCID,0.06,signal_decay(0.48),4.2299999999999995,4.2299999999999995,0.894,0.173,0.083,0.013,0.005,0.0,0.053,0.0,0.0,0.008,0.0,0.0,0.0,0.55,0.0,0.053,0.04,0.067,0.047,0.04,0.027,0.992
close_JPM_2026-04-02T17:46:45.295329+00:00,2026-04-02T17:10:03.898260+00:00,2026-04-02T17:46:45.295359+00:00,JPM,0.05,signal_decay(0.29),5.2344,5.2344,2.007,0.172,0.082,0.062,0.005,0.0,0.224,0.0,-0.076,0.008,0.0,0.0,0.0,0.545,0.0,0.053,0.04,0.02,0.046,0.04,0.066,0.986
close_PFE_2026-04-02T17:46:44.648895+00:00,2026-04-02T16:34:24.507464+00:00,2026-04-02T17:46:44.648941+00:00,PFE,0.3,signal_decay(0.42),3.5316,3.5316,2.4,0.173,0.083,0.042,0.005,0.0,0.226,0.0,-0.18,0.008,0.0,0.0,0.0,-0.185,0.0,0.053,0.04,0.067,0.047,0.04,0.027,0.995
close_JNJ_2026-04-02T17:46:42.311534+00:00,2026-04-02T17:06:03.377108+00:00,2026-04-02T17:46:42.311583+00:00,JNJ,-1.07,signal_decay(0.24),4.909199999999999,4.909199999999999,2.005,0.173,0.083,0.063,0.005,0.0,0.226,0.0,-0.076,0.008,0.0,0.0,0.0,0.55,0.0,0.053,0.04,-0.067,0.047,0.04,0.067,0.994
close_SLB_2026-04-02T17:46:41.668876+00:00,2026-04-02T16:34:19.920112+00:00,2026-04-02T17:46:41.668926+00:00,SLB,0.06,signal_decay(0.58)+flow_reversal,3.5658,3.5658,2.4,0.173,0.083,0.042,0.005,0.0,0.226,0.0,-0.18,0.008,0.0,0.0,0.0,-0.185,0.0,0.053,0.04,0.02,0.047,0.04,0.027,0.994
close_INTC_2026-04-02T17:46:39.335871+00:00,2026-04-02T17:13:12.485319+00:00,2026-04-02T17:46:39.335899+00:00,INTC,0.77,signal_decay(0.76),5.303999999999999,5.303999999999999,,,,,,,,,,,,,,,,,,,,,,
close_RIVN_2026-04-02T17:46:28.485978+00:00,2026-04-02T16:33:24.784792+00:00,2026-04-02T17:46:28.486024+00:00,RIVN,-0.66,signal_decay(0.48),3.9771000000000005,3.9771000000000005,2.4,0.173,0.083,0.042,0.005,0.0,0.226,0.0,-0.18,0.008,0.0,0.0,0.0,-0.185,0.0,0.053,0.04,0.02,0.047,0.04,0.027,0.993
close_HD_2026-04-02T17:46:25.928244+00:00,2026-04-02T17:05:50.338803+00:00,2026-04-02T17:46:25.928285+00:00,HD,0.48,signal_decay(0.75),5.0123999999999995,5.0123999999999995,1.978,0.173,0.083,0.061,0.005,0.0,0.226,0.0,-0.069,0.008,0.024,0.0,0.0,0.55,0.0,0.053,0.04,0.02,0.047,0.04,0.067,0.994
close_SOFI_2026-04-02T17:46:25.728640+00:00,2026-04-02T16:33:20.074960+00:00,2026-04-02T17:46:25.728678+00:00,SOFI,-0.1,signal_decay(0.48),3.9771000000000005,3.9771000000000005,2.4,0.173,0.083,0.042,0.005,0.0,0.226,0.0,-0.18,0.008,0.0,0.0,0.0,-0.185,0.0,0.053,0.04,0.02,0.047,0.04,0.027,0.993
close_F_2026-04-02T17:46:23.174922+00:00,2026-04-02T17:13:12.424785+00:00,2026-04-02T17:46:23.174951+00:00,F,-0.72,signal_decay(0.39),3.5699999999999994,3.5699999999999994,,,,,,,,,,,,,,,,,,,,,,
close_HOOD_2026-04-02T17:46:22.760986+00:00,2026-04-02T16:33:14.377865+00:00,2026-04-02T17:46:22.761033+00:00,HOOD,0.79,signal_decay(0.48),3.9878999999999993,3.9878999999999993,2.4,0.173,0.083,0.042,0.005,0.0,0.226,0.0,-0.18,0.008,0.012,0.0,0.0,-0.185,0.0,0.053,0.04,0.02,0.047,0.04,0.027,0.993
close_DIA_2026-04-02T17:46:20.199504+00:00,2026-04-02T17:10:45.145881+00:00,2026-04-02T17:46:20.199544+00:00,DIA,0.05,signal_decay(0.61),5.038799999999999,5.038799999999999,2.067,0.172,0.082,0.067,0.005,0.0,0.224,0.0,-0.092,0.008,0.0,0.0,0.0,0.545,0.0,0.053,0.04,0.02,0.046,0.04,0.066,0.986
close_LOW_2026-04-02T17:46:19.574211+00:00,2026-04-02T16:32:26.677932+00:00,2026-04-02T17:46:19.574268+00:00,LOW,-0.3,signal_decay(0.59)+flow_reversal,3.3992999999999998,3.3992999999999998,2.4,0.173,0.083,0.042,0.005,0.0,0.226,0.0,-0.18,0.008,0.0,0.0,0.0,-0.185,0.0,0.053,0.04,0.02,0.047,0.04,0.027,0.993
close_COP_2026-04-02T17:46:17.423618+00:00,2026-04-02T16:34:11.254768+00:00,2026-04-02T17:46:17.423659+00:00,COP,0.02,signal_decay(0.58),3.5702999999999996,3.5702999999999996,2.4,0.173,0.083,0.042,0.005,0.0,0.226,0.0,-0.18,0.008,0.0,0.0,0.0,-0.185,0.0,0.053,0.04,0.067,0.047,0.04,0.027,0.994
close_MRNA_2026-04-02T17:46:17.246713+00:00,2026-04-02T16:32:21.897347+00:00,2026-04-02T17:46:17.246749+00:00,MRNA,-0.08,signal_decay(0.50),3.4038,3.4038,1.99,0.173,0.083,0.033,0.005,0.0,0.226,0.0,-0.072,0.008,0.0,0.0,0.0,-0.185,0.0,0.053,0.04,0.02,0.047,0.04,0.027,0.993
close_WMT_2026-04-02T17:46:14.224815+00:00,2026-04-02T16:32:04.725113+00:00,2026-04-02T17:46:14.224865+00:00,WMT,0.02,signal_decay(0.59)+flow_reversal,3.4515000000000002,3.4515000000000002,2.4,0.173,0.083,0.042,0.005,0.0,0.226,0.0,-0.18,0.008,0.0,0.0,0.0,-0.185,0.0,0.053,0.04,0.02,0.047,0.04,0.027,0.993
close_COIN_2026-04-02T17:46:14.147258+00:00,2026-04-02T17:13:12.364754+00:00,2026-04-02T17:46:14.147284+00:00,COIN,0.06,signal_decay(0.33),5.9556,5.9556,,,,,,,,,,,,,,,,,,,,,,
close_WFC_2026-04-02T17:46:11.641787+00:00,2026-04-02T16:31:36.024725+00:00,2026-04-02T17:46:11.641829+00:00,WFC,-0.3,signal_decay(0.41),3.4803,3.4803,2.4,0.173,0.083,0.042,0.005,0.0,0.226,0.0,-0.18,0.008,0.012,0.0,0.0,-0.185,0.0,0.053,0.04,0.02,0.047,0.04,0.027,0.99
close_MA_2026-04-02T17:46:09.308207+00:00,2026-04-02T16:31:30.721907+00:00,2026-04-02T17:46:09.308244+00:00,MA,-0.27,signal_decay(0.41),3.4821,3.4821,2.4,0.173,0.083,0.042,0.005,0.0,0.226,0.0,-0.18,0.008,0.012,0.0,0.0,-0.185,0.0,0.053,0.04,0.02,0.047,0.04,0.027,0.99
close_C_2026-04-02T17:45:44.229032+00:00,2026-04-02T17:13:12.307806+00:00,2026-04-02T17:45:44.229083+00:00,C,0.3,signal_decay(0.33),5.7252,5.7252,,,,,,,,,,,,,,,,,,,,,,
close_BAC_2026-04-02T17:45:41.244946+00:00,2026-04-02T16:32:10.638018+00:00,2026-04-02T17:45:41.244982+00:00,BAC,-0.34,signal_decay(0.41),3.4119,3.4119,2.4,0.173,0.083,0.042,0.005,0.0,0.226,0.0,-0.18,0.008,0.0,0.0,0.0,-0.185,0.0,0.053,0.04,0.02,0.047,0.04,0.027,0.989
close_BA_2026-04-02T17:45:38.608342+00:00,2026-04-02T17:08:01.267312+00:00,2026-04-02T17:45:38.608373+00:00,BA,-0.25,signal_decay(0.34),3.8784,3.8784,1.555,0.173,0.083,0.028,0.005,0.0,0.053,0.0,-0.046,0.008,0.0,0.0,0.0,0.55,0.0,0.053,0.04,0.02,0.047,0.04,0.067,0.993
close_AMZN_2026-04-02T17:45:36.054640+00:00,2026-04-02T17:06:24.892517+00:00,2026-04-02T17:45:36.054673+00:00,AMZN,-0.34,signal_decay(0.72),4.5564,4.5564,1.73,0.173,0.083,0.041,0.005,0.0,0.16,0.0,-0.004,0.008,0.012,0.0,0.0,0.55,0.0,0.053,0.04,0.02,0.047,0.04,0.067,0.997
close_AMD_2026-04-02T17:45:33.506830+00:00,2026-04-02T17:13:12.250338+00:00,2026-04-02T17:45:33.506859+00:00,AMD,3.1,signal_decay(0.77),5.609999999999999,5.609999999999999,,,,,,,,,,,,,,,,,,,,,,
close_AAPL_2026-04-02T17:45:30.498710+00:00,2026-04-02T17:11:55.301315+00:00,2026-04-02T17:45:30.498738+00:00,AAPL,0.25,signal_decay(0.70),4.555199999999999,4.555199999999999,1.672,0.172,0.082,0.036,0.005,0.0,0.053,0.0,-0.056,0.008,0.048,0.0,0.0,0.545,0.0,0.053,0.04,0.066,0.046,0.04,0.066,0.993
close_CVX_2026-04-02T17:06:35.763439+00:00,2026-04-02T16:35:30.389464+00:00,2026-04-02T17:06:35.763476+00:00,CVX,-0.18,signal_decay(0.79)+flow_reversal,3.3912,3.3912,2.4,0.173,0.083,0.042,0.005,0.0,0.226,0.0,-0.18,0.008,0.036,0.0,0.0,-0.185,0.0,0.053,0.04,0.02,0.047,0.04,0.027,0.994
close_GOOGL_2026-04-02T17:06:30.212898+00:00,2026-04-02T16:35:09.415863+00:00,2026-04-02T17:06:30.212932+00:00,GOOGL,-0.08,signal_decay(0.84)+flow_reversal,3.3939,3.3939,2.4,0.173,0.083,0.042,0.005,0.0,0.226,0.0,-0.18,0.008,0.012,0.0,0.0,-0.185,0.0,0.053,0.04,0.02,0.047,0.04,0.027,0.998
close_XOM_2026-04-02T17:06:24.655893+00:00,2026-04-02T16:34:45.145072+00:00,2026-04-02T17:06:24.655931+00:00,XOM,-0.14,signal_decay(0.79)+flow_reversal,3.4164,3.4164,2.4,0.173,0.083,0.042,0.005,0.0,0.226,0.0,-0.18,0.008,0.0,0.0,0.0,-0.185,0.0,0.053,0.04,0.02,0.047,0.04,0.027,0.994
close_IWM_2026-04-02T17:06:21.904923+00:00,2026-04-02T16:32:31.871628+00:00,2026-04-02T17:06:21.904956+00:00,IWM,,signal_decay(0.83)+flow_reversal,3.3894,3.3894,2.4,0.173,0.083,0.042,0.005,0.0,0.226,0.0,-0.18,0.008,0.0,0.0,0.0,-0.185,0.0,0.053,0.04,0.02,0.047,0.04,0.027,0.988
close_NIO_2026-04-02T17:06:19.079275+00:00,2026-04-02T16:31:09.275913+00:00,2026-04-02T17:06:19.079322+00:00,NIO,-0.17,signal_decay(0.65)+flow_reversal,4.2779,4.2779,1.985,0.173,0.083,0.033,0.005,0.0,0.226,0.0,-0.071,0.008,0.0,0.0,0.0,-0.185,0.0,0.053,0.04,0.067,0.047,0.04,0.027,0.991
close_AAPL_2026-04-02T17:06:16.325047+00:00,2026-04-02T16:31:04.726339+00:00,2026-04-02T17:06:16.325084+00:00,AAPL,-0.47,signal_decay(0.70)+flow_reversal,4.2867,4.2867,2.4,0.173,0.083,0.042,0.005,0.0,0.226,0.0,-0.18,0.008,0.048,0.0,0.0,-0.185,0.0,0.053,0.04,0.067,0.047,0.04,0.027,0.986
close_GM_2026-04-02T17:06:13.784470+00:00,2026-04-02T16:30:59.139453+00:00,2026-04-02T17:06:13.784506+00:00,GM,-0.36,signal_decay(0.65)+flow_reversal,4.2988,4.2988,1.985,0.173,0.083,0.033,0.005,0.0,0.226,0.0,-0.071,0.008,0.0,0.0,0.0,-0.185,0.0,0.053,0.04,0.02,0.047,0.04,0.027,0.991
close_JPM_2026-04-02T17:06:11.006107+00:00,2026-04-02T16:30:44.138266+00:00,2026-04-02T17:06:11.006151+00:00,JPM,-1.07,signal_decay(0.83)+flow_reversal,4.3285,4.3285,2.4,0.173,0.083,0.042,0.005,0.0,0.226,0.0,-0.18,0.008,0.0,0.0,0.0,-0.185,0.0,0.053,0.04,0.02,0.047,0.04,0.027,0.989
close_XLK_2026-04-02T17:06:08.453932+00:00,2026-04-02T16:30:39.713105+00:00,2026-04-02T17:06:08.453983+00:00,XLK,-0.46,signal_decay(0.85)+flow_reversal,4.4693000000000005,4.4693000000000005,2.4,0.173,0.083,0.042,0.005,0.0,0.226,0.0,-0.18,0.008,0.0,0.0,0.0,-0.185,0.0,0.053,0.04,0.02,0.047,0.04,0.027,0.989
close_TGT_2026-04-02T17:06:06.126367+00:00,2026-04-02T16:30:27.577565+00:00,2026-04-02T17:06:06.126430+00:00,TGT,-0.78,signal_decay(0.83)+flow_reversal,4.515500000000001,4.515500000000001,2.4,0.173,0.083,0.042,0.005,0.0,0.226,0.0,-0.18,0.008,0.0,0.0,0.0,-0.185,0.0,0.053,0.04,0.133,0.047,0.04,0.027,0.993
close_MS_2026-04-02T17:06:03.097009+00:00,2026-04-02T16:30:06.442693+00:00,2026-04-02T17:06:03.097042+00:00,MS,-0.72,signal_decay(0.84)+flow_reversal,4.5188,4.5188,2.4,0.173,0.083,0.042,0.005,0.0,0.226,0.0,-0.18,0.008,0.0,0.0,0.0,-0.185,0.0,0.053,0.04,0.02,0.047,0.04,0.027,0.989
close_UNH_2026-04-02T17:06:00.088069+00:00,2026-04-02T16:29:50.443974+00:00,2026-04-02T17:06:00.088122+00:00,UNH,-0.11,signal_decay(0.83)+flow_reversal,4.5749,4.5749,2.4,0.173,0.083,0.042,0.005,0.0,0.226,0.0,-0.18,0.008,0.012,0.0,0.0,-0.185,0.0,0.053,0.04,0.02,0.047,0.04,0.027,0.992
close_INTC_2026-04-02T17:05:57.737284+00:00,2026-04-02T16:29:38.525217+00:00,2026-04-02T17:05:57.737329+00:00,INTC,0.7,signal_decay(0.80)+flow_reversal,4.5749,4.5749,2.4,0.173,0.083,0.042,0.005,0.0,0.226,0.0,-0.18,0.008,0.0,0.0,0.0,-0.185,0.0,0.053,0.04,0.02,0.047,0.04,0.027,0.988
close_MSFT_2026-04-02T17:05:55.192615+00:00,2026-04-02T16:29:37.192120+00:00,2026-04-02T17:05:55.192662+00:00,MSFT,-1.0,signal_decay(0.72)+flow_reversal,4.6992,4.6992,2.4,0.173,0.083,0.042,0.005,0.0,0.226,0.0,-0.18,0.008,0.048,0.0,0.0,-0.185,0.0,0.053,0.04,0.02,0.047,0.04,0.027,0.986
close_C_2026-04-02T17:05:52.639058+00:00,2026-04-02T16:29:24.336100+00:00,2026-04-02T17:05:52.639103+00:00,C,-0.9,signal_decay(0.85)+flow_reversal,4.7278,4.7278,2.4,0.173,0.083,0.042,0.005,0.0,0.226,0.0,-0.18,0.008,0.0,0.0,0.0,-0.185,0.0,0.053,0.04,0.02,0.047,0.04,0.027,0.989
close_TSLA_2026-04-02T17:05:49.629847+00:00,2026-04-02T16:29:11.903424+00:00,2026-04-02T17:05:49.629897+00:00,TSLA,-0.29,signal_decay(0.81)+flow_reversal,4.7971,4.7971,2.4,0.173,0.083,0.042,0.005,0.0,0.226,0.0,-0.18,0.008,0.0,0.0,0.0,-0.185,0.0,0.053,0.04,0.133,0.047,0.04,0.027,0.987
close_AMD_2026-04-02T17:05:46.646919+00:00,2026-04-02T16:29:10.110780+00:00,2026-04-02T17:05:46.646966+00:00,AMD,-1.33,signal_decay(0.81)+flow_reversal,4.8565000000000005,4.8565000000000005,2.4,0.173,0.083,0.042,0.005,0.0,0.226,0.0,-0.18,0.008,0.012,0.0,0.0,-0.185,0.0,0.053,0.04,0.02,0.047,0.04,0.027,0.987
close_NVDA_2026-04-02T17:05:44.023463+00:00,2026-04-02T16:29:05.673880+00:00,2026-04-02T17:05:44.023516+00:00,NVDA,-0.3,signal_decay(0.81)+flow_reversal,4.8587,4.8587,2.4,0.173,0.083,0.042,0.005,0.0,0.226,0.0,-0.18,0.008,0.0,0.0,0.0,-0.185,0.0,0.053,0.04,0.067,0.047,0.04,0.027,0.987
close_COIN_2026-04-02T17:05:41.261389+00:00,2026-04-02T16:29:04.494309+00:00,2026-04-02T17:05:41.261466+00:00,COIN,-1.31,signal_decay(0.87)+flow_reversal,4.8653,4.8653,2.4,0.173,0.083,0.042,0.005,0.0,0.226,0.0,-0.18,0.008,0.012,0.0,0.0,-0.185,0.0,0.053,0.04,0.02,0.047,0.04,0.027,0.99
close_PLTR_2026-04-02T17:05:37.995064+00:00,2026-04-02T16:28:52.328581+00:00,2026-04-02T17:05:37.995114+00:00,PLTR,-0.88,signal_decay(0.87)+flow_reversal,4.888400000000001,4.888400000000001,2.4,0.173,0.083,0.042,0.005,0.0,0.226,0.0,-0.18,0.008,0.012,0.0,0.0,-0.185,0.0,0.053,0.04,0.133,0.047,0.04,0.027,0.99
close_UNH_2026-04-02T16:27:15.478433+00:00,2026-04-02T15:53:12.370622+00:00,2026-04-02T16:27:15.478495+00:00,UNH,-0.02,signal_decay(0.85),3.9312,3.9312,,,,,,,,,,,,,,,,,,,,,,
close_TSLA_2026-04-02T16:26:51.539567+00:00,2026-04-02T15:51:40.712273+00:00,2026-04-02T16:26:51.539610+00:00,TSLA,-2.0,signal_decay(0.86),4.1136,4.1136,,,,,,,,,,,,,,,,,,,,,,
close_SLB_2026-04-02T16:26:48.492172+00:00,2026-04-02T15:51:40.658537+00:00,2026-04-02T16:26:48.492200+00:00,SLB,-3.68,signal_decay(0.84),3.7680000000000002,3.7680000000000002,,,,,,,,,,,,,,,,,,,,,,
close_PFE_2026-04-02T16:26:06.755898+00:00,2026-04-02T15:53:12.370015+00:00,2026-04-02T16:26:06.755932+00:00,PFE,-1.04,signal_decay(0.84),3.7368000000000006,3.7368000000000006,,,,,,,,,,,,,,,,,,,,,,
close_NIO_2026-04-02T16:25:53.677686+00:00,2026-04-02T15:51:40.603117+00:00,2026-04-02T16:25:53.677713+00:00,NIO,-0.21,signal_decay(0.85),4.0568,4.0568,,,,,,,,,,,,,,,,,,,,,,
close_NFLX_2026-04-02T16:25:31.420374+00:00,2026-04-02T15:51:06.340824+00:00,2026-04-02T16:25:31.420430+00:00,NFLX,-0.36,signal_decay(0.82)+flow_reversal,3.6448,3.6448,2.4,0.17,0.082,0.077,0.005,0.0,0.223,0.0,-0.177,0.008,0.0,0.0,0.0,0.541,0.0,0.052,0.039,0.02,0.046,0.039,0.066,0.987
close_WMT_2026-04-02T16:25:28.880847+00:00,2026-04-02T15:50:26.416196+00:00,2026-04-02T16:25:28.880885+00:00,WMT,0.1,signal_decay(0.83)+flow_reversal,3.672,3.672,2.4,0.17,0.082,0.077,0.005,0.0,0.223,0.0,-0.177,0.008,0.0,0.0,0.0,0.541,0.0,0.052,0.039,0.02,0.046,0.039,0.066,0.984
close_XOM_2026-04-02T16:25:26.114981+00:00,2026-04-02T15:49:43.905439+00:00,2026-04-02T16:25:26.115031+00:00,XOM,-0.98,signal_decay(0.81)+flow_reversal,3.6832000000000003,3.6832000000000003,2.4,0.17,0.082,0.077,0.005,0.0,0.223,0.0,-0.177,0.008,0.0,0.0,0.0,0.541,0.0,0.052,0.039,0.02,0.046,0.039,0.066,1.0
close_MRNA_2026-04-02T16:25:18.949771+00:00,2026-04-02T15:51:40.602675+00:00,2026-04-02T16:25:18.949799+00:00,MRNA,-2.56,signal_decay(0.85),3.9223999999999997,3.9223999999999997,,,,,,,,,,,,,,,,,,,,,,
close_XLK_2026-04-02T16:25:12.914157+00:00,2026-04-02T15:48:13.575890+00:00,2026-04-02T16:25:12.914193+00:00,XLK,-1.32,signal_decay(0.84)+flow_reversal,3.8775999999999997,3.8775999999999997,2.4,0.17,0.082,0.077,0.005,0.0,0.223,0.0,-0.177,0.008,0.0,0.0,0.0,0.541,0.0,0.052,0.039,0.02,0.046,0.039,0.066,0.989
close_TGT_2026-04-02T16:25:10.147086+00:00,2026-04-02T15:48:07.880068+00:00,2026-04-02T16:25:10.147136+00:00,TGT,0.27,signal_decay(0.85)+flow_reversal,3.8864,3.8864,2.4,0.17,0.082,0.077,0.005,0.0,0.223,0.0,-0.177,0.008,0.0,0.0,0.0,0.541,0.0,0.052,0.039,0.131,0.046,0.039,0.066,0.984
close_WFC_2026-04-02T16:25:07.332273+00:00,2026-04-02T14:21:59.544005+00:00,2026-04-02T16:25:07.332848+00:00,WFC,1.06,"flow_reversal+stale_alpha_cutoff(122min,0.01%)",2.8136,2.8136,1.474,0.169,0.081,0.021,0.005,0.0,0.052,0.0,-0.038,0.008,0.012,0.0,0.0,0.537,0.0,0.052,0.039,0.019,0.045,0.039,0.065,0.992
close_NVDA_2026-04-02T16:25:04.545999+00:00,2026-04-02T14:21:43.196849+00:00,2026-04-02T16:25:04.546036+00:00,NVDA,0.96,"flow_reversal+stale_alpha_cutoff(122min,0.01%)",2.828,2.828,0.972,0.169,0.081,0.009,0.005,0.0,0.052,0.0,0.0,0.008,0.0,0.0,0.0,0.537,0.0,0.052,0.039,0.065,0.045,0.039,0.026,0.989
close_MS_2026-04-02T16:24:51.354956+00:00,2026-04-02T14:20:52.890010+00:00,2026-04-02T16:24:51.354990+00:00,MS,1.15,"flow_reversal+stale_alpha_cutoff(123min,0.01%)",3.0056,3.0056,1.474,0.169,0.081,0.021,0.005,0.0,0.052,0.0,-0.038,0.008,0.0,0.0,0.0,0.537,0.0,0.052,0.039,0.019,0.045,0.039,0.065,0.992
close_MA_2026-04-02T16:24:48.861720+00:00,2026-04-02T14:21:12.526315+00:00,2026-04-02T16:24:48.861749+00:00,MA,3.24,"stale_alpha_cutoff(122min,0.01%)",2.9136,2.9136,1.585,0.169,0.081,0.029,0.005,0.0,0.052,0.0,-0.047,0.008,0.012,0.0,0.0,0.537,0.0,0.052,0.039,0.019,0.045,0.039,0.065,0.993
close_MSFT_2026-04-02T16:24:37.487018+00:00,2026-04-02T14:17:36.945064+00:00,2026-04-02T16:24:37.487052+00:00,MSFT,3.1,"signal_decay(0.87)+flow_reversal+stale_alpha_cutoff(126min,0.01%)",3.9928,3.9928,2.4,0.169,0.081,0.076,0.005,0.0,0.221,0.0,-0.175,0.008,0.047,0.0,0.0,0.537,0.0,0.052,0.039,0.019,0.045,0.039,0.065,0.972
close_JPM_2026-04-02T16:24:35.182842+00:00,2026-04-02T15:48:34.928873+00:00,2026-04-02T16:24:35.182871+00:00,JPM,-0.66,signal_decay(0.83),3.7976,3.7976,2.4,0.17,0.082,0.077,0.005,0.0,0.223,0.0,-0.177,0.008,0.0,0.0,0.0,0.541,0.0,0.052,0.039,0.02,0.046,0.039,0.066,0.997
close_RIVN_2026-04-02T16:24:34.939343+00:00,2026-04-02T14:17:27.515773+00:00,2026-04-02T16:24:34.939386+00:00,RIVN,0.68,"signal_decay(0.87)+stale_alpha_cutoff(127min,0.01%)",4.158399999999999,4.158399999999999,2.4,0.169,0.081,0.076,0.005,0.0,0.221,0.0,-0.175,0.008,0.0,0.0,0.0,0.537,0.0,0.052,0.039,0.019,0.045,0.039,0.065,0.994
close_SOFI_2026-04-02T16:24:32.190386+00:00,2026-04-02T14:17:12.554108+00:00,2026-04-02T16:24:32.190444+00:00,SOFI,9.36,"signal_decay(0.87)+flow_reversal+stale_alpha_cutoff(127min,0.03%)",4.16,4.16,2.4,0.169,0.081,0.076,0.005,0.0,0.221,0.0,-0.175,0.008,0.0,0.0,0.0,0.537,0.0,0.052,0.039,0.019,0.045,0.039,0.065,0.994
